participant_id	avg_abs_motion	avg_rel_motion	avg_x_translation	avg_y_translation	avg_z_translation	avg_x_rotation	avg_y_rotation	avg_z_rotation	TotalOutliers	TotalOutliers_pc	TotalOutliers_b1000_pc	TotalOutliers_b3000_pc
sub-0001	0.586992072785165	0.412759870597363	0.105988560684418	-0.342035962912385	0.291543783267714	-0.108156595599982	0.0226490729525616	-0.0517582378847241	69	0.0126838235294118	0.0375	0.00441176470588235
sub-0018	0.475962303033187	0.392181864864725	-0.0458385483213077	-0.271757641734275	0.000869732801323077	-0.041205670564888	-0.0545170778846167	-0.183161461135668	44	0.00808823529411765	0.0242647058823529	0.00269607843137255
sub-0004	0.82332809779011	0.472528283204835	0.0383984371755165	-0.592620923133077	-0.21735963993567	-0.121480673047895	0.263940149764192	-0.219295762141975	38	0.00698529411764706	0.0264705882352941	0.000490196078431373
sub-0420	1.50601339271538	0.691784155855385	0.235196851266813	-0.240791263763857	-0.926627850924176	0.542092036030558	0.414053008625365	-0.562570383696727	66	0.0121323529411765	0.0345588235294118	0.00465686274509804
sub-0007	0.527350054597363	0.385531136391319	0.0727818282367143	-0.294698088535527	0.231627382154615	-0.0467737470179326	0.135420567645459	-0.144684416281285	72	0.0132352941176471	0.0294117647058824	0.00784313725490196
sub-0048	1.08923993919451	0.509042692626813	0.358033740112352	-0.450722165800769	-0.125880268914312	-0.411166442145741	0.487308437208179	0.638369546168684	175	0.0321691176470588	0.0735294117647059	0.0183823529411765
sub-0008	0.970432003988571	0.429484114235165	-0.0429430839001319	-0.623383826005714	-0.0723887345459231	0.589973270551846	0.206531396784157	-0.188705733372884	40	0.00735294117647059	0.0286764705882353	0.000245098039215686
sub-0196	2.43214213244066	0.855263545690769	0.174297472540471	0.228050647195165	-1.7559991191779	1.01497217903077	-0.585148883715527	0.23268507663117	156	0.0286764705882353	0.05	0.0215686274509804
sub-0014	0.810514696976483	0.485628166615165	0.083003112719578	-0.34771312777922	0.087822362773989	0.108544472699241	-0.400284120012488	0.0186493699121916	71	0.0130514705882353	0.0433823529411765	0.00294117647058824
sub-0035	0.951893444554945	0.417332634695275	0.00540264562142088	-0.213224839304033	-0.121170176397033	0.584056926253086	0.23542173474319	0.136920496439081	70	0.0128676470588235	0.0470588235294118	0.00147058823529412
sub-0017	2.12581918636	0.377971236747582	0.0896833928064725	-0.469854825389495	-1.96754891633418	-0.0816801688134394	0.119129420045548	0.0366721957612471	66	0.0121323529411765	0.0404411764705882	0.00269607843137255
sub-0059	0.564373240887582	0.356710821626593	0.0596702851466198	-0.284611651110143	-0.306770904845418	0.140143820473077	0.073897043309164	-0.128218947221644	64	0.0117647058823529	0.0323529411764706	0.00490196078431373
sub-0019	0.545865547041319	0.261264083016154	-0.0238751247367231	-0.213115823570626	-0.228589484924176	0.372787420694349	-0.171875241523735	-0.142433060228816	38	0.00698529411764706	0.0227941176470588	0.0017156862745098
sub-0213	0.958239697027473	0.443938489227582	-0.130858660313077	-0.517214871425912	0.376176331495165	0.150878554008866	0.308213624978639	-0.0104764211357897	74	0.0136029411764706	0.0492647058823529	0.0017156862745098
sub-0020	1.42231718964615	0.71379352761022	0.0435303216878242	-0.55362347649967	0.196694015971429	0.231496979378627	-0.0607744302977389	-1.07617643735961	253	0.0465073529411765	0.0948529411764706	0.0303921568627451
sub-0310	1.23026956890571	0.485429343333517	0.111565549772956	-0.332997188477538	-0.163847023360495	1.11192628694629	0.17049791584681	0.0341973055374826	53	0.00974264705882353	0.0367647058823529	0.000735294117647059
sub-0027	2.09620411994286	1.01375950444143	0.400111087245934	-0.209356543437132	-1.32040138451044	0.132252682569894	0.151231743939789	-0.025092896538513	135	0.0248161764705882	0.0610294117647059	0.0127450980392157
sub-0056	0.527087535766044	0.349013308459451	0.106230630234852	-0.350351059861967	0.028745949107033	0.179954103747683	0.0708087275414902	0.0291142737500847	37	0.00680147058823529	0.0264705882352941	0.000245098039215686
sub-0028	0.660190929071758	0.390625438668022	0.0104121167337587	-0.371077013491791	-0.226112040846275	0.287647595005333	0.290791282606722	-0.143612001316221	118	0.0216911764705882	0.0441176470588235	0.0142156862745098
sub-0408	0.941745244743517	0.56237379703011	0.0411005801473934	-0.129275244294163	0.201511464324681	-0.258270880944143	-0.00107637189282469	-0.39229840076957	123	0.0226102941176471	0.05	0.0134803921568627
sub-0031	1.04925969378571	0.523427737742418	0.207868670696593	-0.286577767665725	-0.576183221975495	0.480508806693192	0.144158764478106	0.182498108317451	86	0.0158088235294118	0.0514705882352941	0.00392156862745098
sub-0161	2.19081599920769	0.568498516256264	0.204963027964176	0.153171087914308	-1.61166508598536	0.610689924858235	-0.154468344917744	-0.0774420190712151	119	0.021875	0.0683823529411765	0.00637254901960784
sub-0033	2.14423434841648	0.591191276091978	0.0426689074023407	-0.311065277096505	-1.70475174027033	1.38433962891204	0.570930037190929	-0.376505832147825	60	0.0110294117647059	0.0404411764705882	0.00122549019607843
sub-0212	0.714964097526703	0.484797773718571	0.0457838548487813	-0.545532549931198	-0.264880129496374	0.0440060048227376	-0.0751927689447954	-0.174528300274154	24	0.00441176470588235	0.0139705882352941	0.00122549019607843
sub-0010	0.625538056015495	0.421933809242857	0.0300817206135582	-0.39767148229144	0.21470568424033	-0.123580885290804	-0.00390908913642199	-0.189364358181653	25	0.00459558823529412	0.0176470588235294	0.000245098039215686
sub-0036	0.565621304745495	0.371404070230912	0.0117662215450659	-0.358818458519871	0.173063640992857	-0.0087012876438225	0.174418169971521	-0.225812353437029	22	0.00404411764705882	0.0161764705882353	0
sub-0037	0.852600470984835	0.433918966238462	0.0317813286363146	-0.471154829083374	-0.321593310922769	0.579842927244954	-0.0143467961719467	-0.144511797751798	64	0.0117647058823529	0.0426470588235294	0.00147058823529412
sub-0078	0.725044648551868	0.355949613814066	-0.0074681095793	-0.425419942015231	-0.0903959162421978	0.467020696914981	-0.0195666230688576	-0.210526248593193	46	0.00845588235294118	0.0220588235294118	0.00392156862745098
sub-0039	1.42411732703297	0.520467041658242	-0.0583352742996154	-0.321963734596912	-0.125365659656473	1.38682222219338	0.163176774789471	-0.229764167517185	83	0.0152573529411765	0.0397058823529412	0.0071078431372549
sub-0132	0.76659951553011	0.548021128476813	0.0710353927472255	-0.381666926181923	0.196267780799308	0.31404990854458	-0.0623591936945315	-0.0393146476215205	95	0.0174632352941176	0.0375	0.0107843137254902
sub-0040	0.582552926659341	0.298167386064725	0.268426879453846	-0.0544211939970791	0.342756581196703	-0.116132818373248	-0.0639945304716941	0.0492677840037237	89	0.0163602941176471	0.0411764705882353	0.00808823529411765
sub-0291	1.01101811284725	0.352616441341758	0.14129517092856	-0.180330075794275	0.653120027603187	0.396105643489982	-0.440668478115882	0.0926276516606154	69	0.0126838235294118	0.0441176470588235	0.00220588235294118
sub-0041	0.469647296761978	0.478804529932308	0.0580620509168604	-0.308095291561022	0.0198144472204066	0.00431738596804959	0.000314314476941198	-0.0818225704196243	53	0.00974264705882353	0.0301470588235294	0.00294117647058824
sub-0292	0.563226940167473	0.430521663803187	0.203546635679901	-0.276020443923418	0.127132632154177	0.168024068474132	0.148527551969517	0.00704217451984973	57	0.0104779411764706	0.0389705882352941	0.000980392156862745
sub-0051	0.466965326648571	0.317965083705604	0.0879300797736483	-0.28115661379681	0.128130134502198	-0.118938109042357	-0.0242954241985182	-0.175591181862835	82	0.0150735294117647	0.0367647058823529	0.00784313725490196
sub-0086	0.554142848836374	0.329556962927473	0.00915755604331868	-0.437962929294396	-0.100645160274023	-0.0177401863146203	0.0168126725657957	-0.0635451493237119	28	0.00514705882352941	0.0169117647058824	0.00122549019607843
sub-0052	1.3189342854022	0.958735526405495	0.142742073605769	-0.124019286549242	0.263084720876934	-0.655085451339714	0.140809934849396	-0.292349179586718	99	0.0181985294117647	0.0529411764705882	0.00661764705882353
sub-0097	1.29489820556264	0.910830308397692	-0.0612129514356593	-0.20288369956011	0.955790594189451	-0.658714856785884	-0.26104294148237	-0.103686758183252	63	0.0115808823529412	0.0323529411764706	0.00465686274509804
sub-0055	0.849484247146154	0.344991261578901	0.20767436744756	-0.489822192810769	0.244061404684429	0.402203744294158	-0.216066640198057	-0.111478278280508	54	0.00992647058823529	0.0272058823529412	0.00416666666666667
sub-0410	1.27410642407495	0.309866300617912	0.0585762562237022	-0.421780472447033	-1.11069915670506	0.254171292458567	-0.0130757151828936	-0.121530539390494	71	0.0130514705882353	0.0433823529411765	0.00294117647058824
sub-0066	1.0017799302767	0.428323644819231	0.0761277744386703	-0.688579291932527	0.241122075230275	-0.589273763051016	0.00331760129879527	-0.175681676430982	81	0.0148897058823529	0.0514705882352941	0.00269607843137255
sub-0218	1.31394717915495	0.485210906877143	-0.0554653285369231	-0.431138501230659	-0.648834705305209	0.786436082412766	0.0757678806239463	-0.195672460204711	80	0.0147058823529412	0.0272058823529412	0.0105392156862745
sub-0068	0.73996002830022	0.335443078005494	0.0124409615237363	-0.398470495737319	-0.27540494748978	0.35003724357398	-0.0795595226516037	-0.320007646343751	65	0.0119485294117647	0.0426470588235294	0.0017156862745098
sub-0375	1.24083439686044	0.492567857376264	0.144064307175055	-0.384306816549967	-0.832556294159121	0.246130551720603	0.189405583024395	0.0863148985385179	102	0.01875	0.0580882352941176	0.00563725490196078
sub-0069	0.673360229208681	0.402952590306813	-0.147309973260468	-0.294815921821121	0.0336698641578352	-0.0397609149892651	0.219184363859351	-0.505926461072184	50	0.00919117647058824	0.0183823529411765	0.00612745098039216
sub-0206	1.04142938362275	0.52108160914044	0.0106130020549033	-0.152256972945319	0.821867540725275	-0.521736670025442	-0.0653833242716205	-0.0902233945003604	55	0.0101102941176471	0.0382352941176471	0.000735294117647059
sub-0070	0.486095215504286	0.44296121184967	-0.00225418865997472	-0.346828108080352	-0.00963682909056923	0.0395691097773291	-0.124835358594521	-0.125515986408775	60	0.0110294117647059	0.0323529411764706	0.00392156862745098
sub-0157	1.00321007057363	0.499538436058901	0.170948638099165	-0.609954661454297	-0.382508818246308	-0.0170140248978352	-0.130154801707833	-0.114156436271418	67	0.0123161764705882	0.0485294117647059	0.000245098039215686
sub-0071	1.00871647903736	0.482640072651319	-0.0985482348113466	-0.589362158694912	-0.0471430009903516	0.634970884324516	0.0262299418617652	-0.291192188551176	133	0.0244485294117647	0.0433823529411765	0.0181372549019608
sub-0287	0.941232846868132	0.34974751890967	0.12733923685467	-0.449130854320549	0.393008829260132	0.511001615070884	0.123250060395668	-0.0699259765754268	110	0.0202205882352941	0.0411764705882353	0.0132352941176471
sub-0072	0.723837754617473	0.349887135259341	0.070540743222022	-0.460441073481385	-0.013614498279811	-0.300781047862346	0.430509532774431	0.0205707496620678	61	0.0112132352941176	0.0316176470588235	0.00441176470588235
sub-0158	0.626490419285934	0.281526566071099	0.00472085060342418	-0.379674701605615	0.102845190086956	0.30807892849815	0.0890479863235007	-0.189513739686069	60	0.0110294117647059	0.0294117647058824	0.00490196078431373
sub-0024	0.656802018218462	0.438266970163407	0.0317431663504184	-0.523275874473297	0.156600221818541	-0.230189261911145	0.017097413203105	-0.165924271183186	32	0.00588235294117647	0.0161764705882353	0.00245098039215686
sub-0073	0.624004526702747	0.53203398319033	0.00126253005174176	-0.47804483040922	-0.0301917623547769	-0.155316708409983	0.068673668065743	-0.120957199035121	65	0.0119485294117647	0.0272058823529412	0.00686274509803922
sub-0077	0.716163352296923	0.348751114937692	-0.0279431482746934	-0.429151445818846	0.191890942658729	0.327661095647824	0.234862424945279	-0.0460217138989854	44	0.00808823529411765	0.0323529411764706	0
sub-0370	0.749994563308352	0.313182726143407	-0.117829077083187	-0.38470193624222	0.382020428907009	0.0164332163570481	0.222846570763427	-0.254774811472558	58	0.0106617647058824	0.0382352941176471	0.00147058823529412
sub-0079	1.37786138705714	0.838052697354945	0.302540900902571	-0.721740831724945	-0.259165793104571	0.486947094112093	0.0507305430481378	-0.0670884305012252	126	0.0231617647058824	0.0367647058823529	0.0186274509803922
sub-0401	0.602534703320879	0.374609547260549	0.0502448880097363	-0.363148570487758	0.123514053874692	-0.258537810646943	0.00170844348231833	-0.0572597121644783	122	0.0224264705882353	0.0485294117647059	0.0137254901960784
sub-0083	3.06733168592198	0.742414146895604	0.207348477659708	0.121878949434396	-2.38048806353352	2.4480290968328	0.151399197935066	-0.0514887401616555	76	0.0139705882352941	0.0382352941176471	0.00588235294117647
sub-0221	4.50963376554945	0.852468555600989	-0.280518815280352	-0.179216016781764	-4.01679518253087	2.61001692737939	1.18034094972382	-0.119850318996548	100	0.0183823529411765	0.0551470588235294	0.00612745098039216
sub-0075	0.837435859764835	0.289573667364725	0.00176629100485824	-0.548583365988681	-0.246770248985637	-0.390926820689117	-0.141465618046094	-0.0315191874475598	64	0.0117647058823529	0.0345588235294118	0.00416666666666667
sub-0084	0.656274260047582	0.371269059194286	0.137757617925407	-0.398020000938702	-0.0354399440999231	0.360252742918286	-0.00277114907868115	-0.00679047080598865	42	0.00772058823529412	0.0308823529411765	0
sub-0085	0.54435705456044	0.267691141876593	0.0369173315904593	-0.075450836136433	-0.019852010600789	0.210290673439281	0.0670365715058385	-0.424387992359963	76	0.0139705882352941	0.0404411764705882	0.00514705882352941
sub-0403	0.591125573150549	0.305060435351099	-0.0132039714681121	-0.25588758421044	0.311844742912516	-0.218192883449264	0.14196557475107	-0.0654462918317595	96	0.0176470588235294	0.0463235294117647	0.00808823529411765
sub-0087	0.67457652834044	0.665125788712967	-0.0708726561137549	-0.522704534973967	0.101346033859341	0.0213835769041148	0.00791915587494735	-0.219033814167167	66	0.0121323529411765	0.0411764705882353	0.00245098039215686
sub-0099	1.93232987983956	0.930863312884615	-0.271058454417363	-0.648853395856363	-0.615141172301538	-0.73344019142874	0.425674459823359	-0.0231091992008621	122	0.0224264705882353	0.0617647058823529	0.00931372549019608
sub-0088	1.47570547615275	0.658821867894286	0.087034236551022	-0.271821067439736	1.16400516019875	-0.915763402620833	-0.134071373597525	-0.126368614367081	71	0.0130514705882353	0.0455882352941176	0.00220588235294118
sub-0337	0.639417561435055	0.57950964283967	0.0150552130269231	-0.399859611765165	0.0126112247271319	-0.0912589767355065	-0.0360183577005479	-0.119421741554336	86	0.0158088235294118	0.0529411764705882	0.00343137254901961
sub-0092	1.15069280181582	0.418519944797582	0.00143198286649011	-0.333224225920791	-0.190846631354835	1.0030012837836	0.11103475872424	-0.083120128686913	80	0.0147058823529412	0.0477941176470588	0.00367647058823529
sub-0151	0.845708834054945	0.392669454194835	0.00857440060923077	-0.263543354020604	0.39231850142837	0.476075111949939	0.14652494563363	0.0697754208007664	53	0.00974264705882353	0.0345588235294118	0.00147058823529412
sub-0025	1.50192127287308	0.503916667345055	0.128628634868989	-0.380451705009955	-1.17500406046066	0.359529196830493	-0.780241637241752	-0.0885720742753876	58	0.0106617647058824	0.0389705882352941	0.00122549019607843
sub-0095	0.707329709109231	0.492998125942527	0.180447231342143	-0.269155661772484	0.0977539907187473	0.0176232074137343	0.281846681269038	0.15324886990579	77	0.0141544117647059	0.0367647058823529	0.00661764705882353
sub-0096	0.911010955717582	0.524144193889451	0.0462896952878055	-0.725220999700143	-0.174042832898022	-0.00729121437777246	0.165951312008451	-0.198817765982228	66	0.0121323529411765	0.0338235294117647	0.00490196078431373
sub-0204	0.708134819635165	0.427257570522967	0.0928116860964748	-0.500911952910879	-0.0520570993765165	0.240243142834503	0.298786526396283	0.158361651454828	65	0.0119485294117647	0.0294117647058824	0.00612745098039216
sub-0098	1.1701573254989	0.403605235864725	0.0449522886772011	-0.704226804907253	-0.646826084554506	0.616774776426888	0.175685099038067	-0.0924346383915033	68	0.0125	0.0389705882352941	0.00367647058823529
sub-0333	0.670107626957143	0.387053814784615	-0.162141332542923	-0.464703732181398	-0.0529826895738703	0.0389512575415021	0.153729469620952	-0.217420238429931	53	0.00974264705882353	0.0338235294117647	0.0017156862745098
sub-0100	0.491682693726923	0.371781916558132	-0.0274573939530604	-0.285937341436297	0.151971775783297	-0.220591308684362	-0.0129488724878405	-0.180461370821007	45	0.00827205882352941	0.0301470588235294	0.000980392156862745
sub-0417	1.04098764216	0.371217624850989	0.0410739238927363	-0.157419628361615	-0.270765375351281	1.03096974141965	0.222501016700856	-0.00969332515790023	48	0.00882352941176471	0.0338235294117647	0.000490196078431373
sub-0101	0.467971623277692	0.485248647927143	0.0257011540175527	-0.0986369864043297	0.0669400584945524	-0.267047941915881	0.0127733770433591	-0.0718291322268753	36	0.00661764705882353	0.0213235294117647	0.0017156862745098
sub-0219	0.562538286198198	0.502717973912374	-0.0507043346085209	-0.385177344263907	0.130210502876956	-0.167408921843219	-0.0453468181198537	-0.144871606183548	59	0.0108455882352941	0.025	0.00612745098039216
sub-0102	0.659268590134725	0.545123162325934	0.108913971108736	-0.440819899246015	0.198971601205604	-0.241730137027241	0.12173016588501	-0.114927693611583	43	0.00790441176470588	0.0257352941176471	0.00196078431372549
sub-0312	0.577618572826813	0.542982706092528	0.023431185469844	-0.330433954336187	-0.0867945658007033	0.154183763574887	0.06810001663151	-0.158092863239973	52	0.00955882352941177	0.0294117647058824	0.00294117647058824
sub-0105	0.706975304916593	0.463080224374725	0.173586606666574	-0.597223013097582	0.0257155806379538	-0.0747565134313901	-0.143543858596245	-0.130424454548497	44	0.00808823529411765	0.025	0.00245098039215686
sub-0120	0.729294067591978	0.470730308826484	0.0626489050357921	-0.658307009626978	-0.0515801011225187	0.0558205690079939	-0.0880846919178939	-0.0408945175489602	56	0.0102941176470588	0.0272058823529412	0.00465686274509804
sub-0106	0.735012223745275	0.412623444985275	0.00424926297398791	-0.588617989726978	-0.137012745046033	0.260518940004139	0.0225374311348419	-0.146621663805718	33	0.00606617647058824	0.0183823529411765	0.00196078431372549
sub-0322	0.651676775052308	0.384232665827033	0.0816145722616593	-0.525051490713901	0.0423512605500154	0.232967582163911	0.0674736985130374	-0.0722606957530581	102	0.01875	0.0316176470588235	0.0144607843137255
sub-0030	0.608166473826483	0.356228117846044	0.199124817334604	-0.354060514801505	0.17501270259933	0.283391871991362	0.0786701059582319	0.142099861492806	110	0.0202205882352941	0.0477941176470588	0.0110294117647059
sub-0108	0.637860688143077	0.412337334615494	-0.00932976975232418	-0.54639850260033	0.165604944976242	-0.0660102776804805	0.0465462203712321	0.00482568654580025	84	0.0154411764705882	0.0345588235294118	0.00906862745098039
sub-0109	0.612260876292967	0.586268967931868	-0.035024900679744	-0.238210669314231	0.0442023032142967	0.295528822764642	0.00964859410518281	-0.0257536512452617	64	0.0117647058823529	0.0323529411764706	0.00490196078431373
sub-0113	0.820632129356044	0.633875348657033	0.242144718034615	-0.492931294749464	-0.123626306140989	0.304713494996761	0.0268955078491644	0.322556688335177	33	0.00606617647058824	0.0198529411764706	0.00147058823529412
sub-0110	0.776796579587912	0.460092527936044	0.019953397711667	-0.425914118560879	-0.438351680164725	0.272368306850164	0.0159135393171341	-0.0886092776541962	36	0.00661764705882353	0.0227941176470588	0.00122549019607843
sub-0208	0.776057162221319	0.625405264054396	0.094535392019033	-0.526783769073758	-0.150962811371102	0.218012839119599	0.0201960041230153	-0.057736942004141	68	0.0125	0.0360294117647059	0.00465686274509804
sub-0058	0.730100743243846	0.316650192945055	-0.0199289342515824	-0.407095171309231	0.205700327557604	0.299037443989118	-0.323525516588247	-0.0706898050624396	119	0.021875	0.0477941176470588	0.0132352941176471
sub-0111	0.704330627810989	0.344481735831758	-0.00690195664861429	-0.615406598959099	0.0254118279919341	-0.041040445594641	-0.153621419564643	-0.199148773897814	43	0.00790441176470588	0.0272058823529412	0.00147058823529412
sub-0067	0.458713981792857	0.232496421384066	0.0658090243628209	-0.333236342235165	-0.0550445298064066	0.0857066602986518	0.0346662906288383	-0.071788065737748	50	0.00919117647058824	0.0316176470588235	0.0017156862745098
sub-0114	0.475026288331319	0.232181499638352	0.127867777388736	-0.275531149777319	0.0480015231047407	-0.25452408242234	-0.0330654968487919	-0.0760760364068743	57	0.0104779411764706	0.0220588235294118	0.00661764705882353
sub-0115	0.673163163676044	0.385127395547582	-0.0292760444740989	-0.25470797556996	0.145884074917835	0.388154207338887	0.0053963324471284	-0.00950327397527806	88	0.0161764705882353	0.0529411764705882	0.00392156862745098
sub-0384	0.539751145998791	0.409028884937912	0.0849382862532528	-0.386272579586231	-0.0902496049129956	0.0657504347366188	0.136959946223371	-0.0972198484032505	90	0.0165441176470588	0.0375	0.00955882352941177
sub-0116	0.825754660384945	0.540844434679011	0.273714840027582	-0.212105910363659	0.384600308153187	-0.146394848506732	-0.120495337748268	0.157870361355563	142	0.0261029411764706	0.0727941176470588	0.0105392156862745
sub-0309	0.926070059396813	0.427242496986593	0.115305393411253	-0.36483321230039	-0.0286916071788912	0.565713526872813	0.141643174987795	0.0310873721434921	88	0.0161764705882353	0.0404411764705882	0.00808823529411765
sub-0121	0.767575683809231	0.660424559464396	0.117689769945648	-0.467804542432857	0.29980455158611	-0.194881490676311	-0.0803573964457978	-0.281522446094266	50	0.00919117647058824	0.0345588235294118	0.000735294117647059
sub-0258	0.822125247991319	0.573365758666593	0.0419255565519522	-0.469845230606407	0.304053193872857	0.40152762173268	0.0469952581087822	-0.0431499621763389	35	0.00643382352941176	0.025	0.000245098039215686
sub-0122	1.96403878018132	0.694984388279011	0.129821351180033	-0.686959448954143	-0.258463965897253	-0.162251375804622	-0.0870963803088931	-0.080715998227787	174	0.0319852941176471	0.0683823529411765	0.0198529411764706
sub-0394	0.501216027310989	0.350017371474725	-0.0586418507410538	-0.341685184167868	-0.0927550587205165	0.0020699763810038	0.0185844093736936	-0.171265136887438	31	0.00569852941176471	0.0227941176470588	0
sub-0125	1.00459810683846	0.388273280539121	0.172878679389407	-0.230178343265714	0.461976512748022	0.646693872047763	-0.105060664828167	-0.0723134389234838	54	0.00992647058823529	0.0375	0.000735294117647059
sub-0412	0.655356048463956	0.354181566712308	0.0832163531789758	-0.341206485673298	0.34091281318011	0.252379038210083	-0.0334700192523467	-0.113681981973816	56	0.0102941176470588	0.0352941176470588	0.00196078431372549
sub-0126	0.448308301191758	0.288163699511319	0.0601803277874088	-0.327783338932253	0.136933840939451	-0.0566191641698622	0.033851784664017	-0.1118037538757	56	0.0102941176470588	0.0279411764705882	0.00441176470588235
sub-0411	0.63758194657967	0.38571752384022	0.140105323804363	-0.407752096295945	-0.0849876100869231	0.311557552404808	-0.150913827814547	0.0673313531644621	70	0.0128676470588235	0.0367647058823529	0.00490196078431373
sub-0127	2.58026091219341	0.890482530315385	-0.167442148815923	-0.509415550531494	-1.90427647130851	1.67983090763828	-0.122160275566022	-0.448266628353945	127	0.0233455882352941	0.0742647058823529	0.00637254901960784
sub-0164	2.44777867465275	0.820505127898901	-0.0231934104847846	0.0482090443569231	-2.21985241670242	1.47047895822808	-0.0843866578098091	-0.197123049176691	92	0.0169117647058824	0.0492647058823529	0.00612745098039216
sub-0128	0.570874454335714	0.365991004314286	0.109166509926265	-0.368141035941714	-0.252548981811538	0.0839844157299636	-0.104732881251682	-0.0189290744428256	38	0.00698529411764706	0.0279411764705882	0
sub-0232	0.658326339498791	0.400068046153077	0.0658602334784505	-0.522529051506264	0.259865181054835	0.0730317166135814	0.00295725516143753	-0.0902971093049876	44	0.00808823529411765	0.0242647058823529	0.00269607843137255
sub-0129	0.594660964695604	0.277708565615714	-0.00241241799954945	-0.331331836418853	-0.132009911909769	0.101721358017951	0.22838641909253	-0.15039285331751	70	0.0128676470588235	0.0338235294117647	0.00588235294117647
sub-0306	1.29830339805385	0.31145040165967	0.0874760781340703	-0.353624423452792	-1.01103033103758	0.121073814327722	0.759700264504276	0.00663518552816412	104	0.0191176470588235	0.05	0.00882352941176471
sub-0131	1.08106147556044	0.367538815346703	0.0840338035781209	-0.274739122554462	0.647870189278022	-0.519750126007795	-0.107579089577267	0.449752601965516	70	0.0128676470588235	0.0426470588235294	0.00294117647058824
sub-0230	1.35922500434286	0.795791868283077	0.198015850762242	-0.00643307985910989	0.0463328842574286	0.429708822466848	0.0331493925547879	0.141578111455304	179	0.0329044117647059	0.0897058823529412	0.0139705882352941
sub-0133	2.50293091273407	0.62509629346011	-0.0776266312474879	-1.76337986143077	0.0361764480259308	-1.99506189481534	0.431547171688887	-0.808182257785659	119	0.021875	0.0551470588235294	0.0107843137254902
sub-0224	1.01710692790549	0.489165754256813	-0.0111071015735032	-0.080148694734989	0.168040275743626	0.71250924721089	-0.069526427308597	-0.197292018738073	78	0.0143382352941176	0.0397058823529412	0.00588235294117647
sub-0134	0.887965914804396	0.398563895794615	0.0558751594174418	-0.608161535492407	-0.430741030861121	0.306250046196567	-0.153787767439308	-0.139657236722989	40	0.00735294117647059	0.0257352941176471	0.00122549019607843
sub-0190	2.51418899711143	0.534868919503516	0.139409153182769	-0.229776490134462	1.87557702668896	0.599632050137713	0.00177953937690681	0.104177998988968	75	0.0137867647058824	0.0507352941176471	0.00147058823529412
sub-0046	0.340955196853956	0.183061226818901	0.0294766801354	-0.215678819402693	0.078729887463022	0.0398596191667656	0.11813391460729	-0.093923088830455	76	0.0139705882352941	0.0316176470588235	0.00808823529411765
sub-0135	0.449869752176154	0.20359754453044	0.0104496446840527	-0.105654648651198	0.307621223845055	0.0631731047480834	0.00759520997874562	-0.213897548755021	105	0.0193014705882353	0.0441176470588235	0.0110294117647059
sub-0094	1.21939690969341	0.791305143081429	0.205327407941604	-0.540481298921319	0.336766480598944	-0.873725177489715	-0.318067355506641	0.347631420977191	145	0.0266544117647059	0.0411764705882353	0.0218137254901961
sub-0137	0.697415382341429	0.420548745004286	0.179938664705538	-0.415937545603201	0.10623290457556	-0.165870809040117	-0.0647539634348624	0.149178351609403	85	0.015625	0.0595588235294118	0.000980392156862745
sub-0139	0.597916545587033	0.368207372934615	0.0499923476219815	-0.40261277687011	-0.0134139184995165	0.321066788147056	-0.0478701205858993	-0.171073745387758	39	0.00716911764705882	0.0205882352941176	0.00269607843137255
sub-0156	0.632251969941648	0.358680985324945	0.0364457961419615	-0.353562941779868	0.390201204986925	0.0147401827958249	-0.0330169310728448	-0.124769156343632	50	0.00919117647058824	0.0286764705882353	0.00269607843137255
sub-0142	0.462854606432967	0.249679494216044	-0.0935892863417912	-0.17121016378994	0.219834602395495	-0.244992020534523	0.0747445372917275	-0.240869150543246	86	0.0158088235294118	0.0338235294117647	0.00980392156862745
sub-0267	0.419176425785934	0.280743591167912	0.0868202874940242	-0.287506327873813	0.107740321232297	-0.0147979705723644	0.010223756689277	-0.0595155293726295	91	0.0167279411764706	0.0367647058823529	0.0100490196078431
sub-0145	0.991697873469231	0.406727694741099	0.0525385149152286	-0.493697575640978	0.177000135613407	0.782295834749829	0.0324411624426061	-0.230382001572869	99	0.0181985294117647	0.0441176470588235	0.00955882352941177
sub-0349	2.01157926842308	0.936532012000769	0.19961578287333	-0.860048540293659	1.35987144336319	-1.0061476237667	-0.510821823188627	-0.0166585429578845	175	0.0321691176470588	0.0904411764705882	0.0127450980392157
sub-0148	0.528776645507692	0.323165908230549	0.0526911192200527	-0.37306595444	-0.0194128502716978	-0.179036756490695	0.0768884748802023	-0.151333245556928	48	0.00882352941176471	0.0301470588235294	0.0017156862745098
sub-0339	0.701770222749451	0.490422569823077	0.0736437664791648	-0.310763025749286	0.0851831018345032	-0.258905062137249	-0.174423084656439	-0.0612790095891192	127	0.0233455882352941	0.0705882352941176	0.00759803921568627
sub-0012	0.682359055164066	0.508522912202637	-0.00793986472123187	-0.338681218450747	-0.240228990021648	0.0555990396718774	0.358179129923488	-0.13193654365869	32	0.00588235294117647	0.0205882352941176	0.000980392156862745
sub-0149	0.600270947460549	0.529409585435055	0.0679964943168901	-0.353998258707703	0.174291607787626	0.0314349296824878	0.0760900138263807	0.155334464084644	45	0.00827205882352941	0.0242647058823529	0.00294117647058824
sub-0150	0.637907921795275	0.374488661873846	0.0955772057888088	-0.235231673169429	0.354248128405901	-0.278887474699715	-0.00232013260870206	-0.0786961429744334	71	0.0130514705882353	0.0330882352941176	0.00637254901960784
sub-0338	2.06386938499011	0.89697560686956	0.106769539579099	0.0831671358295385	-1.25431924486901	1.60218139697924	-0.0850066769042911	0.0766672097868868	118	0.0216911764705882	0.0639705882352941	0.00759803921568627
sub-0143	1.34228578217571	0.639200209453517	-0.132328366537286	-0.536593013376702	0.857571105619451	0.28520157062296	0.46435032178075	-0.19678178250855	93	0.0170955882352941	0.0573529411764706	0.00367647058823529
sub-0155	1.40288687156813	0.662283418116484	-0.313415428391538	-0.180768564718132	0.714973112063253	0.442556404688239	0.498811221877179	-0.324432439050348	76	0.0139705882352941	0.0463235294117647	0.00318627450980392
sub-0415	0.653436305985824	0.543660342852418	-0.0393189755325758	-0.291059938674538	0.302904010359965	-0.0108514075664472	-0.0397224853717971	-0.14174744846171	66	0.0121323529411765	0.0316176470588235	0.00563725490196078
sub-0159	0.492598027595934	0.25905170068956	0.0621744166017967	-0.229047004289064	0.280584926956099	-0.259798723749547	0.0330919816686834	-0.134955387082006	61	0.0112132352941176	0.0294117647058824	0.00514705882352941
sub-0203	1.10684823215648	0.327419306281978	0.168467215891429	0.0802375338067473	-0.237990906981196	0.983720543227837	-0.15870720412807	0.000478218458605806	115	0.0211397058823529	0.0617647058823529	0.00759803921568627
sub-0162	0.605668123495604	0.41552547546033	0.0915706543041868	-0.310545116896176	0.289946668282319	-0.302955961925477	-0.0653918160125257	-0.138509427070621	56	0.0102941176470588	0.0316176470588235	0.00318627450980392
sub-0413	0.624332748176813	0.485051496265714	0.0930982490622198	-0.352276897883593	0.203339807082824	0.076989768430639	-0.0287005783736781	0.105975563758869	38	0.00698529411764706	0.0191176470588235	0.00294117647058824
sub-0163	0.788498202716044	0.412693783571868	-0.131838467702341	-0.233422363091429	-0.192468945308604	0.638533568162766	0.1573566122834	-0.0964462891503737	73	0.0134191176470588	0.0286764705882353	0.00833333333333333
sub-0328	0.667612929845165	0.374238912666813	0.0743640671236813	-0.382144075095385	0.0510514943457055	0.333643591649214	0.197514290387382	0.28504098465284	91	0.0167279411764706	0.0330882352941176	0.0112745098039216
sub-0165	1.44782302172747	0.302935189499121	-0.0654975855286044	0.0308876387948733	-0.326610613226374	1.54585829951929	0.175493819963931	-0.0135991196964477	76	0.0139705882352941	0.0507352941176471	0.0017156862745098
sub-0215	1.19303243158571	0.379751917342088	0.078399674300067	-0.454241431942593	-0.670191292627692	0.786624827341104	0.112650101185986	-0.429968132358374	73	0.0134191176470588	0.0330882352941176	0.00686274509803922
sub-0166	0.650387945323187	0.376324531103846	-0.0125719891478121	-0.494108914348593	0.165264495842571	0.177127438941066	0.0602475969811902	-0.131872144941404	44	0.00808823529411765	0.0227941176470588	0.00318627450980392
sub-0295	1.62017375345604	0.502006940095165	-0.384955998924802	-0.158687356590714	-0.726097368330769	1.23779452669586	0.472674107204797	0.208885874034016	65	0.0119485294117647	0.0323529411764706	0.00514705882352941
sub-0168	0.774236971047363	0.490123101058022	0.0306361514473956	-0.504908972978275	0.094232028478044	0.352942003402225	-0.00687553679160637	-0.0700133586136166	51	0.009375	0.0308823529411765	0.00220588235294118
sub-0197	1.16684067007143	0.554184460203626	-0.0200708120307527	-0.289933898606923	-0.0530302719532418	0.888153487616026	0.13118956717401	0.208186259097231	82	0.0150735294117647	0.0455882352941176	0.00490196078431373
sub-0049	0.585821579908791	0.309784818402198	-0.0146052634514912	-0.403506033660724	-0.0889524649343297	-0.193104264017521	-0.000198030159796722	-0.23463859297008	48	0.00882352941176471	0.0205882352941176	0.00490196078431373
sub-0170	0.675655091172857	0.364177967349341	0.0552917815842527	-0.383755897677945	0.289638628125769	0.0169404310910617	0.215451373120365	-0.0498900302557684	61	0.0112132352941176	0.0345588235294118	0.00343137254901961
sub-0015	0.769579239820879	0.357920167499451	-0.128910517078122	-0.471407819612718	0.265426753031473	0.12295228112355	0.0856725861070437	0.0196844939600471	40	0.00735294117647059	0.0294117647058824	0
sub-0171	1.20209124498132	0.672995433777912	0.270124454718571	-0.852219586937023	-0.00740309587269231	0.106704207429604	-0.152327083447927	0.0468826258045773	58	0.0106617647058824	0.0382352941176471	0.00147058823529412
sub-0172	0.557444635214945	0.485104142182857	0.125861862413766	-0.415561512529846	0.0442052404969615	-0.118544644813894	-0.121761073839549	-0.0257302960347186	46	0.00845588235294118	0.0198529411764706	0.00465686274509804
sub-0185	0.714753844240549	0.50853730990011	0.079607891150967	-0.60776066326744	-0.0594008112851165	0.0591292534158825	0.00550256204851485	-0.215832610211555	64	0.0117647058823529	0.0294117647058824	0.00588235294117647
sub-0173	1.07652483475165	0.491918893789231	0.0327293705580769	-0.729742061541286	-0.298166786101121	0.559143168055115	0.199990652909261	0.00477158900427082	94	0.0172794117647059	0.0617647058823529	0.00245098039215686
sub-0342	0.838022675965495	0.345426517575165	0.184766172742173	-0.16203301484756	0.330947884922484	0.112694135031018	0.0447312697032362	0.416306387049875	46	0.00845588235294118	0.0323529411764706	0.000490196078431373
sub-0081	0.555543869208022	0.330878338952527	-0.0986961916503407	-0.369055043346978	0.146353336656615	0.119539367155651	0.032636889425026	-0.180189315337238	104	0.0191176470588235	0.0433823529411765	0.0110294117647059
sub-0174	1.61178160746593	0.460804658948242	0.0601840127209385	-0.468798531306862	-1.36380671808582	0.421724767900325	-0.0247213895367015	0.0290811379979346	56	0.0102941176470588	0.0352941176470588	0.00196078431372549
sub-0175	0.721292401749231	0.336180505963626	0.0105675902258802	-0.206108431339132	0.463465612189231	-0.375685406101533	0.206802740569365	0.0519646256055796	45	0.00827205882352941	0.0316176470588235	0.000490196078431373
sub-0321	0.982951756896703	0.333004137838791	0.352827667767033	-0.280951941107703	0.372296646573516	0.590162705150816	-0.166200816241278	-0.000803815106091914	48	0.00882352941176471	0.0345588235294118	0.000245098039215686
sub-0177	0.72636971914022	0.425584573536044	0.0890498317261176	-0.314066803278509	-0.276464892690747	0.438551846829857	0.211664298130876	-0.0688802989902268	48	0.00882352941176471	0.0286764705882353	0.00220588235294118
sub-0005	0.66567586988022	0.319543921705055	0.0390950960219022	-0.38670495265389	-0.0608151089557538	0.394174722732093	-0.273906258488933	-0.135096772151202	71	0.0130514705882353	0.0352941176470588	0.00563725490196078
sub-0178	1.95814030148308	0.37991214617011	-0.0620440052710769	-0.397480661027484	1.61524568496895	0.0686646727595983	-0.157787848901365	-0.0351301729958165	52	0.00955882352941177	0.0352941176470588	0.000980392156862745
sub-0169	0.649177254608132	0.472858542335275	0.130761692186154	-0.407168879832714	0.312780793572791	0.0230017980604837	-0.00543670500035442	-0.0608040618571913	60	0.0110294117647059	0.0227941176470588	0.0071078431372549
sub-0179	1.39523095295934	1.04582677016505	0.160252154566692	0.973201835473077	0.485025572175692	-0.354634446146684	0.0339964552144643	0.170068594834655	18	0.00330882352941176	0.0132352941176471	0
sub-0082	5.04815846154725	0.946963407714286	-0.254611440169851	-0.597052205901758	-2.255801661997	-2.93564600976041	-1.18233403374281	-2.99858401626346	225	0.0413602941176471	0.0845588235294118	0.0269607843137255
sub-0180	3.31638772364549	0.66101524945956	0.179493948926022	-1.34263641501819	2.49383387000235	0.178891036751181	-0.152299781347021	0.0357506927645259	139	0.0255514705882353	0.0757352941176471	0.00882352941176471
sub-0181	0.619296675954835	0.538744301668791	0.0263820379439857	-0.294336671121462	0.0998915998465275	0.210601620184109	0.215019551280858	-0.25549998539975	40	0.00735294117647059	0.0264705882352941	0.000980392156862745
sub-0366	0.538104655903626	0.622943180070989	0.00862302995874945	-0.211089196641758	0.0642304741382297	0.0621853270786848	-0.0150490210898857	-0.289555011222821	28	0.00514705882352941	0.0191176470588235	0.000490196078431373
sub-0042	0.91703025837033	0.687242981356813	-0.0521936729228231	-0.60383594451011	-0.0311584165554725	0.113159954538162	0.261297763731202	-0.273167160051311	55	0.0101102941176471	0.0360294117647059	0.00147058823529412
sub-0182	0.806751478481319	0.682574814046593	0.0263641398821248	-0.359791850381264	0.416860337573967	-0.309886727772378	0.198751601619364	-0.114070893069256	69	0.0126838235294118	0.0485294117647059	0.000735294117647059
sub-0016	2.47493911825714	0.51718983791978	0.0745907808159297	-0.553817685249264	-2.32363644637341	0.34467237507092	0.227528987325087	-0.0954618393299831	77	0.0141544117647059	0.0382352941176471	0.00612745098039216
sub-0183	1.25319549887363	0.514336126351429	-0.115621658798708	-0.899154276017033	-0.238922485754088	-0.535509667921318	0.123772702343347	-0.301448518968033	130	0.0238970588235294	0.0698529411764706	0.00857843137254902
sub-0044	0.716266028981099	0.477892613203297	-0.0552868180688593	-0.562866813088462	-0.00305466448116593	-0.126036562346336	0.0737466549657844	-0.132983689398851	51	0.009375	0.0257352941176471	0.00392156862745098
sub-0184	0.827542746662967	0.397655573017582	0.173740505299648	-0.45453952399989	0.322872624806484	-0.114805071933315	-0.139803329284699	-0.364317415721035	55	0.0101102941176471	0.025	0.00514705882352941
sub-0186	0.607108251817802	0.391807992424516	0.00515694833455824	-0.391562801300703	0.0134731777659868	0.263215743266845	0.00711280804486036	-0.0792743528063401	46	0.00845588235294118	0.0198529411764706	0.00465686274509804
sub-0214	0.643147439952637	0.441246822503407	0.005608130325	-0.42738325725367	0.0105308328971707	-0.187844626215603	0.165403488689963	0.0473782707039531	38	0.00698529411764706	0.0235294117647059	0.00147058823529412
sub-0187	0.971072122956593	0.391552763979121	0.119399857537849	-0.440005612798319	-0.401949630037363	0.612383714693022	0.210303669185378	-0.165296138523125	45	0.00827205882352941	0.0330882352941176	0
sub-0268	1.39241693144824	0.456540369930879	0.427020859165879	-0.444945167676593	-0.128847233061593	0.225006445023866	0.466707624036182	0.862353083248829	30	0.00551470588235294	0.0191176470588235	0.000980392156862745
sub-0047	2.95955708285494	0.831030581154945	-0.211399241519419	-1.52277220332506	-1.23493042943154	-1.60399464089183	0.0456535213230021	-0.199545108321525	97	0.0178308823529412	0.0485294117647059	0.00759803921568627
sub-0188	0.614651937271758	0.36125684132	0.143561538862254	-0.295612240771011	-0.375526915579451	-0.0681324755263607	0.0999690154893881	-0.0825741770446301	107	0.0196691176470588	0.0411764705882353	0.0125
sub-0191	2.10301170444165	0.643339754063846	0.332900731596703	-0.419739332992088	-0.26668405838956	1.97827528556414	0.0305814370696208	-0.114758401860444	212	0.0389705882352941	0.0654411764705882	0.0301470588235294
sub-0201	0.711217755138352	0.402635686973187	-0.00948881187271429	-0.514371827476053	0.245267819743516	0.0369178332648804	-0.01666914930325	-0.181744286335157	32	0.00588235294117647	0.0227941176470588	0.000245098039215686
sub-0193	0.647354018383407	0.629289934136044	0.110540237905533	-0.410691459464614	0.0424095390462418	-0.140434762136018	-0.0713595490852015	0.00517615938352719	40	0.00735294117647059	0.0272058823529412	0.000735294117647059
sub-0256	0.558193531592308	0.509238525821209	0.063334205360882	-0.269256343359385	0.257241545172747	0.0990482392291861	0.0744561444907175	-0.0445910100266871	31	0.00569852941176471	0.0205882352941176	0.000735294117647059
sub-0195	0.570488106054945	0.443969716421648	-0.00892473174522198	-0.478157474604132	0.0938574780219769	-0.117420412268036	-0.112348210605834	-0.122886556026053	84	0.0154411764705882	0.0404411764705882	0.0071078431372549
sub-0364	1.07540800010484	0.484154376042418	-0.00627645821323077	-0.369000177141591	-0.504562841969743	0.409011105777717	-0.000264156907779391	-0.151167444457908	48	0.00882352941176471	0.0338235294117647	0.000490196078431373
sub-0198	0.761055733484615	0.388083337690989	0.114257438588857	-0.452740867058132	0.15646111267856	-0.269122100060664	-0.466432246174024	-0.155900899195082	66	0.0121323529411765	0.0433823529411765	0.0017156862745098
sub-0237	1.08296115747055	0.450625124281319	0.0884642465283989	-0.507090343037176	-0.155630053669352	0.492542367375218	0.401416175792779	-0.0297739256057306	62	0.0113970588235294	0.0367647058823529	0.00294117647058824
sub-0189	0.693149038633626	0.421822233286044	0.0136417760126044	-0.373545016438385	-0.0916777389922088	0.4093001018592	0.247745132234091	0.0733052624928541	64	0.0117647058823529	0.0411764705882353	0.00196078431372549
sub-0199	0.677249871667143	0.351721410115055	-0.137018024426868	-0.12391543176314	0.273877942936264	0.157824417288175	0.0561270423336912	-0.31801079020185	54	0.00992647058823529	0.0308823529411765	0.00294117647058824
sub-0200	0.565055086094505	0.584634260968681	0.0942510178949714	-0.284232382922934	0.0737035132180549	0.176688275482763	-0.0957280084317722	-0.115199003047371	36	0.00661764705882353	0.0220588235294118	0.00147058823529412
sub-0419	0.466224845897692	0.5052638693	0.0341169875885429	-0.286275228240495	0.0462641655202912	0.0355518551362088	-0.00127510821730885	-0.106186753020747	35	0.00643382352941176	0.0205882352941176	0.0017156862745098
sub-0063	0.578590287441978	0.507873503578022	0.111386610184396	-0.438244080930769	0.161932102756985	-0.112254744111233	-0.0719828797503698	-0.0657646945507088	33	0.00606617647058824	0.0235294117647059	0.000245098039215686
sub-0207	0.541470661836923	0.562088863927143	-0.00977902080309231	-0.339612923742758	0.0540096300720879	0.0553757451203377	0.131640560352783	-0.0337674295939426	65	0.0119485294117647	0.0441176470588235	0.00122549019607843
sub-0209	2.78478462311209	1.04755923818681	-0.0842399515910879	-0.674418654955275	-0.0690385057549451	-2.45258836856603	0.415334247087552	-0.25928668742792	74	0.0136029411764706	0.0176470588235294	0.0122549019607843
sub-0226	0.816844189106593	0.396885991532857	0.122427230641182	-0.422875917980495	0.0632617222612198	0.32922038392074	-0.399874851266187	0.0437671558806905	45	0.00827205882352941	0.0205882352941176	0.00416666666666667
sub-0176	0.592844487485055	0.288499028565714	0.0841657761982308	-0.418894217455073	0.298293456963407	-0.0665673560155861	0.00199768712206255	-0.12881017508135	111	0.0204044117647059	0.0448529411764706	0.0122549019607843
sub-0210	1.34108040614396	0.468309677658462	0.214994719725275	-0.377914765825253	-0.353107993828066	1.09431852035424	0.169039914487017	0.0648266599097418	134	0.0246323529411765	0.0838235294117647	0.00490196078431373
sub-0211	1.02700845831615	0.455500937536264	-0.169682539899314	-0.61264245563444	-0.394263640983297	0.425291496856894	0.471595494551492	0.0156708688917974	46	0.00845588235294118	0.0272058823529412	0.00220588235294118
sub-0246	0.941628277533626	0.523256629798242	0.083155942088	-0.637503877776264	-0.0983101666135165	0.179947429639355	-0.00833874692920964	0.0577802750991426	21	0.00386029411764706	0.0139705882352941	0.000490196078431373
sub-0217	0.778988289113187	0.506812710397363	-0.00873726637532088	-0.542365844278506	0.339259526937253	-0.261328211674952	0.0468788987874655	-0.186713335505296	46	0.00845588235294118	0.0301470588235294	0.00122549019607843
sub-0379	0.837102246066923	0.523909240844725	0.149023161672264	-0.695909333827582	-0.0184804444388462	-0.146118927159583	0.191176411482671	0.130903117390256	62	0.0113970588235294	0.0308823529411765	0.00490196078431373
sub-0032	0.534297540241868	0.382567878978132	0.100708468949648	-0.452183036381374	-0.0132001444656571	-0.00372011833255523	0.0329326742295995	-0.129035084116504	85	0.015625	0.0227941176470588	0.0132352941176471
sub-0223	0.700880483644615	0.332966798918626	0.0073447625715371	-0.323039659357033	-0.358949174163107	0.2189024001263	-0.0384330471844236	-0.175510552232704	59	0.0108455882352941	0.025	0.00612745098039216
sub-0225	0.75812696938	0.392841807568242	0.101145394096132	-0.404428887500308	-0.251113934771769	-0.251239160364703	-0.0340373766492518	0.0493614604681476	62	0.0113970588235294	0.0308823529411765	0.00490196078431373
sub-0307	0.65556349575044	0.357880837364505	0.152124811830692	-0.0661252611665473	0.165648158012868	-0.24028183402004	-0.109385030456262	0.0675598328458151	72	0.0132352941176471	0.0404411764705882	0.00416666666666667
sub-0227	0.87705964383956	0.481303837363736	0.140347359270681	-0.398064576031967	-0.0817335475803297	0.587598446512702	0.199271112326218	0.150010984097753	42	0.00772058823529412	0.025	0.00196078431372549
sub-0397	0.670602369730769	0.406300841914945	0.124627243840791	-0.362733896723846	0.220705940485132	-0.224592765133186	-0.168464141459335	-0.188334267840079	56	0.0102941176470588	0.0220588235294118	0.00637254901960784
sub-0229	1.01126798291462	0.432981457829231	0.0368967089606945	-0.254289540112802	0.632164433077769	-0.393989338983614	0.212943499383271	-0.208755374949306	60	0.0110294117647059	0.0411764705882353	0.000980392156862745
sub-0314	0.779265314211429	0.429019074292418	0.364785603672703	-0.347924952415341	0.316437571136286	0.00723962254677782	-0.0851149599500155	0.26453730043156	98	0.0180147058823529	0.05	0.00735294117647059
sub-0231	0.673641139701648	0.543873335083736	0.0636680446910538	-0.345751331927648	-0.216423690752297	0.0805177296117707	-0.192741772503971	-0.00905579366371558	36	0.00661764705882353	0.0227941176470588	0.00122549019607843
sub-0263	0.823622734040659	0.60490661534022	0.0603516070494066	-0.430457121320077	-0.293726629003542	0.256246053280321	0.077111072486492	0.0230437125649611	64	0.0117647058823529	0.0294117647058824	0.00588235294117647
sub-0003	1.91997885092857	0.674204697992198	-0.0620136489775703	-0.540408580355879	-0.89186192649978	-0.713984757216056	0.521499292663398	0.372041923715221	132	0.0242647058823529	0.0727941176470588	0.00808823529411765
sub-0233	1.00621705476956	0.415930614359231	0.0652080494725934	-0.430682531212055	-0.526115347417704	0.600165020385907	-0.0909447099078051	-0.175540285869379	38	0.00698529411764706	0.0264705882352941	0.000490196078431373
sub-0234	0.73868684377033	0.601474126007253	0.0145909494373736	-0.271749273095022	-0.148533006545697	-0.00242508298058435	-0.00163776646756958	0.153343760688786	69	0.0126838235294118	0.05	0.000245098039215686
sub-0405	0.923645807064835	0.69756092613978	-0.0131602875435857	-0.502217984282736	-0.139372673249203	0.597183302890811	0.136387903765862	-0.104875868386027	45	0.00827205882352941	0.0301470588235294	0.000980392156862745
sub-0124	0.665568916078352	0.442718434558791	0.147060034825714	-0.453146564990077	-0.120518617091473	0.218537430526905	-0.0829505127618406	-0.0928712032086881	53	0.00974264705882353	0.0286764705882353	0.00343137254901961
sub-0235	0.716684543657143	0.438827656312418	-0.00863516584891209	-0.215536031591506	0.344715082905055	-0.127337812834639	0.0243074345348211	-0.217959652693169	66	0.0121323529411765	0.0330882352941176	0.00514705882352941
sub-0029	0.840487261407692	0.381605705464176	-0.0620625096681033	-0.389828378502242	0.127207894546612	0.525710295002114	0.0930658959048673	-0.424033435806414	118	0.0216911764705882	0.0492647058823529	0.0125
sub-0236	0.742212786886593	0.385979989753626	0.0601696179213868	-0.567830978189407	-0.236775574654505	0.287269859643496	-0.0579458713909166	-0.0638366285055357	51	0.009375	0.0308823529411765	0.00220588235294118
sub-0239	0.515369798171429	0.355627371886593	-0.0479032353513593	-0.245692352689681	0.131755405784253	-0.270956242988774	-0.0333170246967901	-0.114001942645432	37	0.00680147058823529	0.025	0.000735294117647059
sub-0302	0.587621526684615	0.358146467258352	-0.00995858185550549	-0.426280476439048	0.162404676711879	-0.0648854563730523	0.0790070581131148	-0.191342923574923	28	0.00514705882352941	0.0161764705882353	0.00147058823529412
sub-0060	1.13731306874538	0.808163797086923	0.13039383619089	-0.369051497958598	-0.0506988770041429	0.399575446212147	0.0493508256812888	0.0546312700189981	30	0.00551470588235294	0.0205882352941176	0.000490196078431373
sub-0241	1.05181108159725	0.684514034967363	0.0692970794327143	-0.381115648994857	-0.454301253006	0.847863226268313	-0.0175908832378519	0.0398226596983382	52	0.00955882352941177	0.0316176470588235	0.00220588235294118
sub-0053	0.613127885280989	0.406195008674615	0.085668582382333	-0.403613539415066	0.360805412822747	-0.0437022986585806	0.0759797866176517	0.0468286053863467	45	0.00827205882352941	0.025	0.00269607843137255
sub-0242	0.528803354108022	0.410622723493956	0.0754107045073901	-0.449440022401236	0.145647149315571	0.0372633337985721	0.0459052802573203	-0.0418098497971852	50	0.00919117647058824	0.0213235294117647	0.00514705882352941
sub-0152	1.15655702855593	0.502888001147033	0.152730996435604	-0.569580540663505	-0.0679034157700989	-0.603847314756729	0.434937749308262	-0.43376301752616	62	0.0113970588235294	0.0397058823529412	0.00196078431372549
sub-0243	1.21333866220396	0.55642250496033	-0.111027751739473	-0.298831431922198	-0.713432440351209	0.335021246088158	0.572105643814663	-0.21252099521761	70	0.0128676470588235	0.0352941176470588	0.0053921568627451
sub-0192	1.45341116565308	0.390348372948242	0.0349844998545385	-0.320795697628506	-0.292068405954253	1.35269795585134	0.126988106081661	-0.302724684936191	45	0.00827205882352941	0.0308823529411765	0.000735294117647059
sub-0247	1.11302960846264	0.410603164908901	0.180875389285165	-0.582968785882352	-0.745769258653736	0.430801578008668	0.111820578218187	-0.116071795456016	65	0.0119485294117647	0.0367647058823529	0.00367647058823529
sub-0303	0.610177910402418	0.36631100892989	0.0991424916165385	-0.419896858310033	-0.10288286393776	0.283437419454254	-0.00735032779754492	-0.1020198511065	63	0.0115808823529412	0.0235294117647059	0.00759803921568627
sub-0245	0.689369933046264	0.590297776734945	0.112928545079286	-0.427744331398873	0.145659722333264	0.0400129618184359	-0.251161971402553	-0.00405454938604551	29	0.00533088235294118	0.0198529411764706	0.000490196078431373
sub-0248	0.560526248656703	0.485157868024396	-0.00454143730581538	-0.400031612209231	0.0931623830512418	0.14459429420677	0.0504371204326921	-0.00634582054186665	29	0.00533088235294118	0.0176470588235294	0.00122549019607843
sub-0091	0.498950864529121	0.460781071297582	0.212436618924835	-0.119820285370089	-0.100118636101473	-0.00156972028067572	-0.0379862848738139	0.0736268091074665	60	0.0110294117647059	0.0360294117647059	0.00269607843137255
sub-0249	0.621624699186703	0.454216537519121	0.0824565255804396	-0.228330218004637	0.35862856550989	-0.27715967704516	0.145337526233426	-0.126967330089078	45	0.00827205882352941	0.0323529411764706	0.000245098039215686
sub-0250	1.09421491624945	0.50542260631022	-0.132896851292967	-0.353414433834681	0.355131400175055	-0.211272170436191	-0.41568429744621	-0.0793638269525397	140	0.0257352941176471	0.0757352941176471	0.00906862745098039
sub-0353	0.607031389102418	0.37103355806	0.0234153755043483	-0.367477422735077	0.132636125836516	0.204969717036316	0.258239548885071	-0.147910089316654	56	0.0102941176470588	0.0330882352941176	0.00269607843137255
sub-0104	0.893012099886813	0.514925986667692	-0.017319986055722	-0.405769277202782	-0.255573619961209	-0.32474290289891	0.244154718485489	-0.356828627344035	92	0.0169117647058824	0.0551470588235294	0.00416666666666667
sub-0251	0.869760962832967	0.52339984562033	-0.055769429355823	-0.597881518790615	0.332359851390198	-0.157700338603544	0.0656628417336058	-0.260752938122886	78	0.0143382352941176	0.0470588235294118	0.00343137254901961
sub-0253	1.80698875648022	0.952220735877033	0.172633217321582	-0.303737241053637	-1.55057535198949	0.382853203615491	0.207883727780904	-0.196032551867403	63	0.0115808823529412	0.0235294117647059	0.00759803921568627
sub-0345	0.606448731112088	0.745230255287033	0.0350747435171615	-0.15347049194156	0.176135104576571	0.0760459858585602	-0.0229053691767821	-0.0580417098817952	30	0.00551470588235294	0.0220588235294118	0
sub-0254	1.27233325184286	0.485220789890879	0.0487379043768022	-0.0894364049606044	0.101269831681692	1.32782239018466	0.252476048006897	-0.10248123486986	62	0.0113970588235294	0.0411764705882353	0.00147058823529412
sub-0407	3.01132639629604	0.840794495384945	0.101911041632816	-0.836236025982341	-0.380055328876481	-2.88526868202731	-0.115737040368376	-0.508053767316159	36	0.00661764705882353	0.0235294117647059	0.000980392156862745
sub-0205	0.823548706273626	0.378920980634286	0.0355139499597582	-0.387615022136846	-0.144235195710689	0.557448636183928	0.0564610100038021	0.00647362953345802	130	0.0238970588235294	0.0522058823529412	0.0144607843137255
sub-0255	0.715394067793626	0.38246769051956	0.172287657384286	-0.604079918815385	0.00664814478337363	0.140212725546308	0.079948879816976	-0.0685444495899605	65	0.0119485294117647	0.0272058823529412	0.00686274509803922
sub-0118	5.1641436408022	0.764885847607802	-2.89449115824692	0.528589364796813	-2.2833820942636	0.424772849944291	0.186299822230617	-0.422617650109729	80	0.0147058823529412	0.0551470588235294	0.00122549019607843
sub-0257	2.53080633855385	0.655062989947582	0.203568181769286	-0.371227216136495	-2.08955883431718	0.901362760362239	0.242238899497154	0.252584664814251	66	0.0121323529411765	0.0323529411764706	0.0053921568627451
sub-0117	0.52502403073956	0.314222953639231	0.0581987932577253	-0.407754921635494	0.119341123864017	-0.0673334391818675	0.0578346517594885	0.0584856192541523	45	0.00827205882352941	0.0294117647058824	0.00122549019607843
sub-0259	0.469647983806593	0.296903613631648	0.142244273830879	-0.181125607791209	-0.0985958705108571	0.255637080294414	-0.0045919146299032	-0.0889415319893161	59	0.0108455882352941	0.0323529411764706	0.00367647058823529
sub-0260	0.674115712396483	0.318813108495275	0.0409271401584297	-0.508205833944286	0.331719657764692	-0.0493722144815988	0.0408078023095575	-0.0467490273395076	32	0.00588235294117647	0.0183823529411765	0.0017156862745098
sub-0308	0.726003464261209	0.450251688632198	0.0437527335692308	-0.638635399245495	0.110659205192541	0.0126743587333104	-0.0700818957396239	-0.164571660118576	33	0.00606617647058824	0.0227941176470588	0.000490196078431373
sub-0013	1.28363947327912	0.507183548611978	-0.00499839194112088	-0.369569254399703	0.411278318097692	1.01943474454946	0.428077620845457	-0.223632445474751	106	0.0194852941176471	0.05	0.00931372549019608
sub-0261	0.571692363732637	0.390599993350549	0.0298413655245659	-0.332675167923451	-0.122367183283538	0.0997011913406605	-0.152887625966473	-0.0120969913219235	130	0.0238970588235294	0.0522058823529412	0.0144607843137255
sub-0011	0.689184332296154	0.475055195896703	-0.0150871460634527	-0.54286531671011	0.0630165633138418	0.146610215127375	0.0980875523669671	-0.203931470501624	76	0.0139705882352941	0.0338235294117647	0.00735294117647059
sub-0265	0.800125695573517	0.48176966408956	0.00684967377603297	-0.325581016181758	-0.164590092846615	0.626935690643925	0.0635835932679115	-0.117577899551603	51	0.009375	0.0323529411764706	0.0017156862745098
sub-0406	1.1996524736911	0.464055038688352	0.123935218533978	-0.417780805378516	-0.971686309680209	0.399802454189927	0.0287602761184507	-0.103253748560659	63	0.0115808823529412	0.0411764705882353	0.0017156862745098
sub-0089	0.683378038279011	0.343414404940879	0.107502571263345	-0.367096141409494	-0.422947874518352	-0.006352367629474	0.0176805924266451	0.0376834690773729	51	0.009375	0.0301470588235294	0.00245098039215686
sub-0266	0.565973149511209	0.298860463192527	0.0709374512547912	-0.396804824310319	0.206088785348462	-0.117720340670478	0.0444818151130596	-0.22094405127849	57	0.0104779411764706	0.0272058823529412	0.00490196078431373
sub-0269	1.00954285583077	0.477103531171429	0.0950350586960879	-0.426655671843692	-0.547777374284205	-0.503538909663397	0.00792879208654078	0.00206731833142604	123	0.0226102941176471	0.0764705882352941	0.00465686274509804
sub-0421	0.805579417060659	0.569097280070879	0.152157132458363	-0.370858929093297	0.078332400903956	0.152711438548905	-0.150504843888758	-0.0353018587775563	113	0.0207720588235294	0.0632352941176471	0.00661764705882353
sub-0271	0.745811487050549	0.362670491382418	0.195077318560769	-0.297699107177099	-0.169964523922775	0.626547825817195	-0.194700768284132	0.0793000962879773	73	0.0134191176470588	0.0323529411764706	0.0071078431372549
sub-0332	1.27071310331538	0.606682198638022	0.151516376006753	-0.679630244389372	-0.171458997749945	0.76547197056294	0.43760304443015	0.119666273588777	115	0.0211397058823529	0.0639705882352941	0.00686274509803922
sub-0038	0.829840095378022	0.346143384454396	0.0367346082779725	-0.314495891469231	0.32746890287044	0.588742141622501	-0.069924069712234	-0.0828231450628042	72	0.0132352941176471	0.0375	0.00514705882352941
sub-0272	1.01905729297143	0.463947547022637	0.107564937484749	-0.66886941189533	0.258839477642499	-0.36058460755058	-0.0842700819011299	-0.460202639628154	116	0.0213235294117647	0.0566176470588235	0.00955882352941177
sub-0076	2.00116377	0.477135739457802	-1.25935097303626	-0.363471977114143	-0.180950854544835	0.332482046204301	-0.617761101551698	-1.80128237637114	64	0.0117647058823529	0.0294117647058824	0.00588235294117647
sub-0273	1.33571379600989	0.50638344282978	0.269853641136593	-0.625835079538571	-0.760740141066593	0.851755629577225	-0.194215042314966	-0.141668359067	76	0.0139705882352941	0.0382352941176471	0.00588235294117647
sub-0274	0.880335736527473	0.38369002416	0.044050307571033	-0.407373290494978	-0.0274388102518165	0.687336368546781	0.113675790194715	-0.0231434706547872	66	0.0121323529411765	0.0375	0.00367647058823529
sub-0359	1.32496140536088	0.42699755424	0.116885397507384	-0.606938443738297	-0.733311150029539	0.579164190525366	0.63094214884616	0.153406299871986	91	0.0167279411764706	0.0514705882352941	0.00514705882352941
sub-0275	0.669155574963736	0.298884553388681	0.0221427026806352	-0.386816199561879	0.247990606408187	-0.0492550944133628	-0.291801985978143	0.055794716667792	44	0.00808823529411765	0.0316176470588235	0.000245098039215686
sub-0316	0.770352446893736	0.478220316291538	-0.0737485236438901	-0.335092068988374	0.133689097937475	-0.248640406542618	-0.116976017502707	-0.379788181852293	114	0.0209558823529412	0.0779411764705882	0.00196078431372549
sub-0107	1.03702886608242	0.663429788655275	0.00602860366288901	-0.439411901623042	0.223462037797605	-0.444280175099997	-0.0587396885048687	-0.093319199480028	89	0.0163602941176471	0.0544117647058824	0.00367647058823529
sub-0278	0.93038584393956	0.540610656635824	-0.0467492079633692	-0.514040741917582	-0.261171659908934	-0.394357209785322	0.264307325289461	0.0610754001548504	48	0.00882352941176471	0.0279411764705882	0.00245098039215686
sub-0043	0.694273878664615	0.452756402847363	0.0186012741333385	-0.299669722084097	0.0622159344403407	-0.0840163496666567	-0.0129360750335588	-0.251151696976659	58	0.0106617647058824	0.0294117647058824	0.00441176470588235
sub-0279	0.644525366844176	0.448190704663846	0.037244996358022	-0.575961954542528	0.107253149395791	0.121793374344649	-0.0845771166531234	0.0430620184032749	26	0.00477941176470588	0.0161764705882353	0.000980392156862745
sub-0202	0.716223375910659	0.390269590902857	0.0670813041275264	-0.526733365164022	-0.221162524373546	0.288188337703569	0.0760740345269548	-0.0620853590341538	55	0.0101102941176471	0.0323529411764706	0.00269607843137255
sub-0280	0.662922146280549	0.39557181779044	0.101538932212107	-0.424014567749714	0.10393985379082	0.124111078726823	0.0478273615517675	-0.165987865755354	67	0.0123161764705882	0.0301470588235294	0.00637254901960784
sub-0281	2.14999966930769	0.848245557113407	0.148047783849505	-1.48793006525593	0.210889259022923	1.30652898054223	0.0466577309889538	-0.026826651724784	23	0.00422794117647059	0.0139705882352941	0.000980392156862745
sub-0002	0.654850083549011	0.434299231347253	0.0613679704434176	-0.540798458545385	0.101243321025505	0.0421296925904919	-0.0830228911994161	-0.105667931717698	33	0.00606617647058824	0.0227941176470588	0.000490196078431373
sub-0283	1.66457711350615	0.938969796287912	0.225712803773736	-0.589256790666703	0.189190789391648	0.581491149899274	-0.214802988462156	0.144649210308838	85	0.015625	0.0485294117647059	0.00465686274509804
sub-0050	0.625265431774835	0.419435946739451	0.0531906254406571	-0.430948017226901	-0.216156963156835	-0.0531133960261688	-0.073201775208872	-0.0904187724528852	93	0.0170955882352941	0.0529411764705882	0.00514705882352941
sub-0284	0.648626034480659	0.384608435236813	0.0190937878041099	-0.286911277622253	-0.0293346984117363	0.415671389081341	0.140247842865684	-0.195482748695211	64	0.0117647058823529	0.0308823529411765	0.0053921568627451
sub-0220	1.00107906634011	0.523759986582198	0.033017846330967	-0.310431935232066	0.0933482034240824	0.775820032087186	0.13907681609666	-0.107745320236235	112	0.0205882352941176	0.0676470588235294	0.00490196078431373
sub-0286	1.9990873920989	0.807505734034615	0.237197515696703	-0.428755595922374	-1.17342220245934	1.4972516680753	0.335517133495242	0.107714326231233	113	0.0207720588235294	0.0676470588235294	0.00514705882352941
sub-0288	1.07726009283407	0.445607690717802	0.176609363478571	-0.639928457933286	0.269724740904725	-0.511441460786447	-0.454135500070288	-0.127641247385102	45	0.00827205882352941	0.0213235294117647	0.00392156862745098
sub-0380	0.948285281760659	0.342361713198901	0.133338055970989	-0.349195960007835	-0.0957690822747143	0.530783724936872	-0.431256619155671	-0.54290757801808	47	0.00863970588235294	0.0264705882352941	0.00269607843137255
sub-0119	0.561952753222418	0.382213740422198	0.235616523010055	-0.361066481318319	-0.0485503752266055	-0.101319203222746	-0.162864976197103	0.110650185143306	31	0.00569852941176471	0.0213235294117647	0.000490196078431373
sub-0289	0.988973415956044	0.461294149706703	-0.029073242707233	-0.731743284099298	-0.333136238899769	0.477928183316397	0.160757024466057	-0.233039303827342	37	0.00680147058823529	0.0264705882352941	0.000245098039215686
sub-0293	0.834798311635604	0.355144200093846	0.20517701916744	-0.527537709354088	-0.441751579584396	0.267928238224904	-0.199113990596601	0.0514806900797889	67	0.0123161764705882	0.0382352941176471	0.00367647058823529
sub-0409	0.628011750606593	0.290045678298791	0.0510527706580308	-0.331922609766813	-0.318385617970663	0.0141806815328916	-0.0655970541996695	-0.163296321807478	41	0.00753676470588235	0.0235294117647059	0.00220588235294118
sub-0147	0.728828052122308	0.455365445237692	0.0722385542348571	-0.415919620719044	-0.288155787397077	-0.202581584152648	0.0185304516384177	-0.117312406243571	79	0.0145220588235294	0.0477941176470588	0.00343137254901961
sub-0294	0.803091312703297	0.62863451833956	0.0197818693871253	-0.300989534516934	-0.142539210571923	0.241135075846602	0.151448151752837	0.0695198033988084	156	0.0286764705882353	0.025	0.0299019607843137
sub-0146	1.55095258133626	0.678330967638901	0.16445874865044	-0.834928782592361	1.0073011897889	-0.707930742320811	-0.195162581555491	-0.0278737342198942	119	0.021875	0.0676470588235294	0.00661764705882353
sub-0296	1.57731462718462	0.677364452068462	0.213669399418791	-0.453896595182857	-1.08535490114198	0.216356856152964	-0.284873414784563	-0.0096332502816971	84	0.0154411764705882	0.0419117647058823	0.00661764705882353
sub-0297	2.13239389024626	0.560581194540769	0.205066990226912	-0.327143977302978	-1.84274909437021	-0.674057714098314	-0.0997240545661689	-0.190906400334981	73	0.0134191176470588	0.0485294117647059	0.0017156862745098
sub-0389	1.44954236250769	0.433379857200879	0.117392150079353	-0.394241869309802	-1.08987533927143	0.740257080809813	0.146722244910676	-0.168439158938686	45	0.00827205882352941	0.0301470588235294	0.000980392156862745
sub-0298	1.39501273770549	0.659446089077363	-0.0195490171461978	0.273645855860734	-0.649753573725044	-0.421646617256169	-0.222783352946486	-0.50060749884108	54	0.00992647058823529	0.0367647058823529	0.000980392156862745
sub-0343	0.678973285781319	0.66661508519	-0.0391379948812308	-0.250452666306385	0.424109289372527	-0.0499305792117617	-0.109352935690162	0.0346868886888423	44	0.00808823529411765	0.0272058823529412	0.0017156862745098
sub-0299	0.719702660601429	0.428094681325494	0.124303183413692	-0.41838439369767	0.0938288179906593	0.444403630099	-0.0746733760256421	0.00421451943800724	47	0.00863970588235294	0.0301470588235294	0.00147058823529412
sub-0400	0.878188127651978	0.426961912431099	-0.0189692922809242	-0.437745965097648	-0.115545651032978	0.579449727594278	0.0089202408620767	-0.193498075452477	75	0.0137867647058824	0.05	0.0017156862745098
sub-0270	1.28796753695187	0.392657786845604	0.111756489152956	0.0306972227095604	0.133527478454925	1.04338333896913	-0.314900618048728	-0.168272070347918	68	0.0125	0.0382352941176471	0.00392156862745098
sub-0300	1.08650263531308	0.444149708915165	0.0655646831334615	0.163154825200407	0.38197413356256	-0.306642813733058	0.260554018343175	-0.344591747021668	57	0.0104779411764706	0.0294117647058824	0.00416666666666667
sub-0061	0.727811879007033	0.456079406397692	0.0279319812502198	-0.496941720544505	0.140375144252912	-0.0850713091284275	0.280168194334723	-0.0332563129370784	148	0.0272058823529412	0.0705882352941176	0.0127450980392157
sub-0301	0.580661085653626	0.35636533414	0.00744078883358802	-0.47299553881056	0.12318403529411	-0.093382646920345	0.0353942613405321	-0.126835912094409	28	0.00514705882352941	0.0191176470588235	0.000490196078431373
sub-0022	0.636327910706593	0.357661597594396	0.0738979012063077	-0.35263825462889	-0.146596493750714	0.256753604804387	0.0236496629352386	-0.0104347883096043	37	0.00680147058823529	0.0272058823529412	0
sub-0304	0.696205105146374	0.345089546609011	0.135010289259835	-0.50377650333011	0.047192114819289	-0.209434745273603	-0.182597906547548	-0.0710708369362106	68	0.0125	0.0448529411764706	0.0017156862745098
sub-0026	0.552408327954945	0.230485300556154	-0.0695970918716813	-0.237629900839154	0.336728453394835	0.236095172998538	-0.083385318782656	-0.057485980149485	49	0.00900735294117647	0.0279411764705882	0.00269607843137255
sub-0305	1.30773204556473	0.453586211555604	0.298115118159516	-0.514994610645714	0.779768990438071	-0.381805224707309	-0.510509806967409	0.331999337173871	68	0.0125	0.0375	0.00416666666666667
sub-0167	0.489867787106593	0.319862085160769	0.079117143608	-0.370348445443286	0.10703307261578	0.00995713634748311	0.102077810179958	0.1526554639532	41	0.00753676470588235	0.0279411764705882	0.000735294117647059
sub-0311	0.659394033846923	0.369137989647033	0.127052809523518	-0.593669029128791	0.00479722448753846	-0.0988437244260406	-0.0431181897389833	0.119287783590675	66	0.0121323529411765	0.0345588235294118	0.00465686274509804
sub-0313	1.06043281849341	0.74474197522956	0.111475777827281	-0.376754384917077	-0.080390429159	0.612309969686824	-0.153227082861241	-0.257540189162095	72	0.0132352941176471	0.0514705882352941	0.000490196078431373
sub-0376	0.697515644874945	0.324562065499451	0.082267934018	-0.390619946704835	0.387185363333538	0.181291863897322	-0.0573441243962709	-0.00976564698114081	45	0.00827205882352941	0.0308823529411765	0.000735294117647059
sub-0240	0.664236486362857	0.410317709421978	0.0030739090101	-0.478988275625736	0.219407484105165	-0.146921234996508	0.025435317393035	-0.1935415398105	52	0.00955882352941177	0.0294117647058824	0.00294117647058824
sub-0317	0.969192285004066	0.542190078387692	0.077613563962544	-0.523365433079923	-0.0663176715187824	0.0967095558211193	0.213086452874831	-0.435929096601315	42	0.00772058823529412	0.0264705882352941	0.00147058823529412
sub-0318	0.713615368321978	0.472674642524505	0.146304503654945	-0.558865105761835	-0.121874361833044	0.196685492522316	-0.00491431144883075	0.0574239385751873	94	0.0172794117647059	0.0411764705882353	0.00931372549019608
sub-0323	0.644312917896593	0.378942433878132	-0.0488557117349011	-0.37071211471678	0.345903154596423	0.0749784976975989	0.0182490426794835	0.0120786170895956	56	0.0102941176470588	0.0316176470588235	0.00318627450980392
sub-0228	1.17665952177011	0.370155349798022	-0.0153856595479154	-0.20976382039478	0.442889385457132	0.932613442454153	0.101548283334195	-0.0517017970088505	85	0.015625	0.05	0.00416666666666667
sub-0319	0.633985999756703	0.357978166213956	0.0408463837162616	-0.393918188560297	0.0165153547469451	0.38463722439999	-0.032790760817967	-0.0696169081667079	76	0.0139705882352941	0.0382352941176471	0.00588235294117647
sub-0264	0.366585109376813	0.256119155504396	-0.016362988558662	-0.183672000613604	0.0811794725781209	0.0767785803667534	-0.0942245340719672	-0.0566243544278303	57	0.0104779411764706	0.025	0.00563725490196078
sub-0324	0.681919121646923	0.293526919951099	-0.058434466533133	-0.202368023380253	-0.0865103191082747	0.180779135078082	0.530947673193024	-0.0376126086680636	104	0.0191176470588235	0.0367647058823529	0.0132352941176471
sub-0326	0.474050263230769	0.323524466142088	0.0594582065274176	-0.315637539763846	0.19787503732989	-0.121803202780861	0.0570745274932257	-0.037386365895945	66	0.0121323529411765	0.0279411764705882	0.00686274509803922
sub-0390	2.02248280615813	0.602499853308132	0.162479826028989	-0.385166786508714	1.61672236376507	-1.07982614299555	-0.697434009989112	-0.602802731411808	120	0.0220588235294118	0.0772058823529412	0.00367647058823529
sub-0327	0.554815250961538	0.384307741654396	0.0731785881038396	-0.430613990974385	0.142746112821051	-0.194865781931063	-0.152866876978203	0.0100779422953881	37	0.00680147058823529	0.0213235294117647	0.00196078431372549
sub-0368	0.64815897265033	0.355852774366923	-0.00857772607612088	-0.103969092377	-0.479806510520582	0.333299563508722	0.0974089739914062	-0.0363796910139767	54	0.00992647058823529	0.0264705882352941	0.00441176470588235
sub-0006	0.752077283483956	0.572142584280989	0.0496072046319571	-0.594431909964835	-0.207711316807949	0.0191034445270126	0.138275026429561	-0.162242176874434	23	0.00422794117647059	0.0139705882352941	0.000980392156862745
sub-0329	0.940133646349451	0.593181555920989	0.0816576025493363	-0.818972911447604	0.11561645768756	-0.18136105599601	-0.206037044097276	-0.105870429675997	25	0.00459558823529412	0.0183823529411765	0
sub-0141	1.00521015658396	0.489612537343517	-0.0564744695110659	-0.311112564635802	0.465381322207582	0.363240576464982	0.161450215863649	-0.177802631076212	48	0.00882352941176471	0.0301470588235294	0.0017156862745098
sub-0331	0.678608874962308	0.339565818083626	0.070182655803978	-0.322381232152198	0.270151165263348	0.297172522987804	-0.0236650757973513	-0.14966795531563	87	0.0159926470588235	0.0397058823529412	0.00808823529411765
sub-0160	1.23303410888352	0.611409169594396	0.134359061759354	-0.638524319628619	0.398509750868418	-0.925438139649089	0.0892861673671519	-0.00356105839435988	125	0.0229779411764706	0.0595588235294118	0.0107843137254902
sub-0334	0.643689299615165	0.522435957387253	0.0668569462396374	-0.414922847829066	-0.140853215168165	-0.00966767890752834	-0.0440792431398072	-0.138673726835308	73	0.0134191176470588	0.0323529411764706	0.0071078431372549
sub-0315	2.48490435948088	0.781233317405824	0.512843577921275	-0.418281156900066	0.789231378243341	-2.24092966276094	-0.939955256859951	-0.456419824171046	62	0.0113970588235294	0.0375	0.00269607843137255
sub-0335	2.87190241928791	0.941228906327802	-0.0306322572998011	-0.970052505696374	-1.30003840024989	-1.20743282575146	-0.106966948814847	1.46210970158882	128	0.0235294117647059	0.0580882352941176	0.0120098039215686
sub-0222	2.09128747057802	1.19393835564835	-0.0352722101026736	-0.516360723767011	1.18624912304824	0.676726375554975	-0.304081005335549	-0.228407945991	135	0.0248161764705882	0.0808823529411765	0.00612745098039216
sub-0336	3.72100465655934	0.792453678906813	-0.00809576359609231	-0.0859326939397802	-3.49416147002154	0.870102473544404	0.272758155428794	-0.0792630743815055	182	0.0334558823529412	0.0367647058823529	0.0323529411764706
sub-0320	0.65090046533989	0.381247807560549	-0.00123869559142319	-0.46304755439633	-0.159011389328462	0.10077772959714	0.264457014008563	0.0615603975735494	30	0.00551470588235294	0.0191176470588235	0.000980392156862745
sub-0340	0.816854728623846	0.401813535913187	0.0905827893247692	-0.627524009516648	0.0426614729802967	-0.399185565047241	-0.261561905966212	0.0337794821746372	53	0.00974264705882353	0.0308823529411765	0.00269607843137255
sub-0023	0.520805819579121	0.350638695092857	0.0750121918993407	-0.152210441106187	-0.0113651695165714	0.18002571536571	-0.0795128579968047	-0.0636160070561535	53	0.00974264705882353	0.0330882352941176	0.00196078431372549
sub-0341	0.46866697730967	0.328749454345495	-0.0447566761868791	-0.257880832516132	0.00219183201792308	0.112961938670634	0.272643209633952	0.0873385993021619	43	0.00790441176470588	0.0316176470588235	0
sub-0277	1.13490219776044	0.52431945257989	-0.0040542278031022	-0.731840226342308	-0.662169757475198	0.126593033124495	-0.0059502680572572	-0.158853071286476	87	0.0159926470588235	0.0448529411764706	0.00637254901960784
sub-0344	0.619515283378352	0.431297190512967	0.0722078405884528	-0.393867528866604	0.176497298111868	0.0769133645016443	0.122322387406553	-0.0861784516363374	54	0.00992647058823529	0.0294117647058824	0.00343137254901961
sub-0290	0.419086054524615	0.269143729301868	0.0162419769595538	-0.353960181330989	-0.0651614077692582	0.134712871506596	0.0353684808786997	0.108830910516388	91	0.0167279411764706	0.0257352941176471	0.0137254901960784
sub-0346	0.617184329207473	0.218346415190659	0.0316169955479621	-0.252401136898517	0.391304154066516	-0.165548264179674	-0.0273776441809242	-0.343641216498166	95	0.0174632352941176	0.0345588235294118	0.0117647058823529
sub-0009	2.69383673773297	0.733433159945165	0.437995276201242	-0.0259991999099352	-0.470386977091374	2.44548327140892	-0.948089045122134	0.272471490868241	246	0.0452205882352941	0.0794117647058823	0.0338235294117647
sub-0112	0.506657067087143	0.356314293402637	0.113600775936615	-0.201321594520077	0.0546360533678681	0.261639725622075	-0.0653623198926084	0.109573874466518	76	0.0139705882352941	0.0477941176470588	0.00269607843137255
sub-0350	0.856337362707692	0.370695613828242	0.185913812884044	-0.245712356758736	0.451929776899692	-0.0946714304507783	-0.174453714297038	-0.374677620132673	71	0.0130514705882353	0.0382352941176471	0.00465686274509804
sub-0065	0.61187261081033	0.54113940881956	-0.0385203017671077	-0.129975028954505	0.329739262829549	-0.226210776491179	-0.0951895370536151	-0.252407632013545	48	0.00882352941176471	0.0220588235294118	0.00441176470588235
sub-0351	0.55668822495022	0.548355327656813	0.0643256563708791	-0.0220418634111516	-0.0715166271393835	-0.0701730104545592	-0.0750892475595787	-0.125374117864748	71	0.0130514705882353	0.0316176470588235	0.00686274509803922
sub-0103	1.27154025492407	0.651543941354615	0.0219636568113593	-0.827815915921538	-0.311357896883919	0.313510533982942	-0.0263618205949844	-0.271770911948826	174	0.0319852941176471	0.0463235294117647	0.0272058823529412
sub-0352	0.580674681669231	0.362100265296813	0.110902045739725	-0.414924615853791	0.0776557030826374	-0.315909968728309	-0.0219501307824984	0.0259185244838014	75	0.0137867647058824	0.0433823529411765	0.00392156862745098
sub-0330	0.607875847094835	0.435149659444725	-0.0670448184568044	-0.439431050639945	0.14483016826111	0.0526939239183472	0.0424469488394104	-0.242838572866099	56	0.0102941176470588	0.0308823529411765	0.00343137254901961
sub-0354	0.578309058220879	0.357857811318275	-0.101340615542604	-0.390426661195198	-0.121712290102956	0.223944414934277	0.0612263593683428	-0.244930086754509	53	0.00974264705882353	0.0345588235294118	0.00147058823529412
sub-0074	1.05413151722198	0.464762775842527	0.205137294646791	-0.138346862523077	0.0944989446529418	-0.383413688837023	0.210234251676266	0.0554442204018586	58	0.0106617647058824	0.0345588235294118	0.00269607843137255
sub-0356	0.56625290152	0.403403508183077	0.00165816605337385	-0.406888177799868	0.0515870695343011	-0.100477574720282	0.198852131805639	-0.106013379799301	69	0.0126838235294118	0.0205882352941176	0.0100490196078431
sub-0194	0.624993843237033	0.389894423877473	-0.00808348040838923	-0.434291139339341	0.0485978133170549	0.104401952987297	0.139204259750925	-0.111930219591686	87	0.0159926470588235	0.0375	0.00882352941176471
sub-0357	0.597536229113846	0.312080943523736	-0.042433583138233	-0.456712363382857	-0.163423011814341	-0.0438941705729195	-0.0226969693317283	-0.260762532631202	59	0.0108455882352941	0.0308823529411765	0.00416666666666667
sub-0358	1.15318634572418	0.471542978056593	0.103217005619275	-0.988158248448681	-0.0783838834228022	-0.680148806008983	-0.0348896306713834	-0.0970915826083518	37	0.00680147058823529	0.0235294117647059	0.00122549019607843
sub-0369	1.81293371253736	0.740700914212967	0.149991003891545	-0.508398228449011	0.565203213390868	0.748263697915155	0.0444073468450105	0.133132848002329	185	0.0340073529411765	0.0757352941176471	0.0200980392156863
sub-0090	0.780731014701099	0.417782586102088	-0.0491387527011275	-0.422381890359341	-0.286210860181502	-0.218211997425953	0.137705499662251	-0.235609649616526	78	0.0143382352941176	0.0426470588235294	0.00490196078431373
sub-0360	0.595153565656264	0.399775052832857	0.0499329101131868	-0.422653346189604	0.145457243980297	-0.21811639273561	-0.178954716838284	-0.042793353135586	65	0.0119485294117647	0.0294117647058824	0.00612745098039216
sub-0057	0.544776908712088	0.502081913480549	0.0328454641498374	-0.272360432073693	0.252842982277363	0.0662835133062741	-0.0643669420176103	-0.0227047452093559	73	0.0134191176470588	0.0375	0.0053921568627451
sub-0361	2.2618540580989	0.665592994140659	0.307183611478571	-0.142702219007681	-1.54953781555154	1.91051715270551	-0.0254484267227693	-0.198343766371798	110	0.0202205882352941	0.0588235294117647	0.00735294117647059
sub-0034	1.00417489555275	0.333955924805714	0.391254748002198	-0.284006416501253	-0.0526689721934066	0.177586423832908	-0.837050489845238	0.461757587038099	63	0.0115808823529412	0.0375	0.00294117647058824
sub-0362	0.609735734095714	0.28223135333033	-0.109258220046136	-0.250644602297557	0.277114378592824	-0.297583730471129	0.0692817647139995	-0.369334820413087	64	0.0117647058823529	0.0389705882352941	0.00269607843137255
sub-0054	3.14545626993626	1.04155675472198	-0.284890035039187	0.124447235663352	-0.302816154032582	2.84871039273295	0.381690784182577	-0.522768254514243	120	0.0220588235294118	0.0683823529411765	0.00661764705882353
sub-0363	0.795070083225604	0.636379047039451	0.137575623055857	-0.483851327394857	0.204910458005527	-0.13515624001094	-0.0996941153663411	-0.179311437529169	75	0.0137867647058824	0.0448529411764706	0.00343137254901961
sub-0276	1.60608512027143	0.735131452113846	0.149194824292181	-0.701646291932308	0.659919188636187	-1.21075625288992	0.192535476915987	0.375101032515534	251	0.0461397058823529	0.127941176470588	0.0188725490196078
sub-0365	0.948152452973187	0.547087034248791	0.0181747609771538	-0.521784193418901	0.423489776514149	-0.10974077220854	-0.00355613316161632	-0.0679921400272052	86	0.0158088235294118	0.0470588235294118	0.0053921568627451
sub-0238	1.34907199303736	0.51558269847022	0.0753338091827802	-0.711289745511769	0.345783494158769	-1.04500594793333	-0.113289380010758	-0.172440197050196	103	0.0189338235294118	0.0470588235294118	0.00955882352941177
sub-0371	0.56085032600978	0.389764761421538	-0.0308124293698703	-0.404879137632626	0.186474851621099	0.0107816609375862	0.100863816300525	-0.128522890088297	33	0.00606617647058824	0.0198529411764706	0.00147058823529412
sub-0021	0.823097251102198	0.562465802189451	0.241830719441264	-0.533343422550287	-0.137784148903846	0.276009907070899	0.123742524644888	-0.0327336223075739	55	0.0101102941176471	0.0242647058823529	0.0053921568627451
sub-0372	0.949596579448571	0.46722623166033	0.184222508261868	-0.605609703178242	0.0151462385961132	0.553383019205864	-0.157528862324634	-0.178538111840025	38	0.00698529411764706	0.0242647058823529	0.00122549019607843
sub-0216	0.862715921524176	0.43712697473978	0.0518042528942055	-0.696864748859956	0.404859788175769	-0.168067521061427	0.0238163937905353	-0.0921593667603861	50	0.00919117647058824	0.0301470588235294	0.00220588235294118
sub-0373	1.25703922858242	0.502701910685385	0.16895288976356	-0.677067903237582	-0.663428796988022	0.616565847891559	0.151422953009305	-0.0835679580561609	84	0.0154411764705882	0.0573529411764706	0.00147058823529412
sub-0064	0.489683745569121	0.45034147119956	0.0921930540291978	-0.310571737852121	-0.0605802098916374	0.0250190077580891	0.0157951072265632	-0.133006575282814	36	0.00661764705882353	0.0205882352941176	0.00196078431372549
sub-0374	0.717687548724176	0.461305678868242	0.0981296844462154	-0.599101206848132	0.0547164386424286	0.0938246712643224	-0.0657629182159415	-0.00924896444391217	48	0.00882352941176471	0.0279411764705882	0.00245098039215686
sub-0377	0.478844827444506	0.312344759174725	0.0784853862304451	-0.339292014922747	0.0656616506811319	0.0990022034337602	-0.0389933677372558	0.068529475408893	68	0.0125	0.0323529411764706	0.00588235294117647
sub-0381	2.37252175496483	0.41908332766044	-0.224526017599194	-0.226784577801758	1.6036099818212	1.37492367865375	-0.08204667844247	-0.079228163221751	58	0.0106617647058824	0.0404411764705882	0.000735294117647059
sub-0080	0.958978134315604	0.461661367603187	-0.200887551040319	-0.159261586238407	-0.124344063190154	0.567595287006367	0.519461114014499	0.0788038727526138	127	0.0233455882352941	0.0455882352941176	0.0159313725490196
sub-0378	0.854640164293846	0.348057354979231	0.0259509338355934	-0.314451844974846	-0.610933875685813	0.0950693066204088	-0.00218749279753568	-0.274861879565035	48	0.00882352941176471	0.0279411764705882	0.00245098039215686
sub-0144	0.606286842737143	0.370107156248352	-0.0461948307247033	-0.47056652202344	0.114314828199641	0.144061333219532	-0.0306566706442497	-0.17959060411697	46	0.00845588235294118	0.0198529411764706	0.00465686274509804
sub-0382	0.866922660175494	0.322487996654396	0.0980379190603297	-0.294319694411934	-0.240480951349176	0.726474298568541	-0.47312349631467	-0.0446967492806102	50	0.00919117647058824	0.0345588235294118	0.000735294117647059
sub-0383	0.893063520946154	0.444052375596703	0.0054936636779011	-0.63151236275989	0.14478372729289	0.120469953951302	0.256888862351341	-0.429578968799206	97	0.0178308823529412	0.0632352941176471	0.00269607843137255
sub-0414	0.862834788303077	0.347030775255934	-0.0739054027977297	-0.27418279024292	-0.254781748368967	0.738663648106765	0.103019812549714	-0.328862036234785	23	0.00422794117647059	0.0169117647058824	0
sub-0325	1.91284358273352	0.981930316056593	-0.0176871164701099	-0.221626865982286	-0.010411387474011	1.06616027713987	-0.305960251521371	-0.0595650201856189	93	0.0170955882352941	0.0389705882352941	0.00980392156862745
sub-0385	0.811043199106044	0.706308772177582	-0.00732160396434066	-0.545070661688791	-0.122200436410264	-0.0880966165435256	-0.143794548402676	-0.259883890302396	58	0.0106617647058824	0.0375	0.0017156862745098
sub-0138	0.642222039574176	0.321363928723846	0.195115580899341	-0.368212896448791	0.0915542835331319	0.227820322159783	-0.189987520002864	0.308013833691419	52	0.00955882352941177	0.0301470588235294	0.00269607843137255
sub-0386	0.873581353053846	0.497150474392967	0.138214841555286	-0.647290142336484	0.339941738296813	0.040685102961013	-0.0768639988501141	-0.069811773818899	42	0.00772058823529412	0.0220588235294118	0.00294117647058824
sub-0154	0.797660822262967	0.675173728428901	0.0812317202834396	-0.496025896021648	-0.194667210058549	0.317499282735221	-0.0518182404582346	-0.0431896024394023	90	0.0165441176470588	0.0647058823529412	0.000490196078431373
sub-0388	1.32197950932967	0.832635972218681	0.330608458639275	-0.433857179229132	-0.802050799445044	0.289314698488816	-0.237982254320782	0.179481600020325	140	0.0257352941176471	0.0830882352941176	0.00661764705882353
sub-0062	0.754862781789011	0.549922787715165	0.161466697423771	-0.428155955695462	0.278262736331011	-0.303482261229777	-0.271947416547732	-0.0551737713509309	36	0.00661764705882353	0.0264705882352941	0
sub-0391	0.661762786222198	0.571856613646484	0.0888959488543187	-0.397519987406279	-0.114568576794352	0.0169534693727903	-0.141067181430192	-0.0936821844364158	33	0.00606617647058824	0.0191176470588235	0.0017156862745098
sub-0282	0.450511291942637	0.485181216142198	0.0439915868014022	-0.274073519122945	-0.0502996121263033	0.0647768464788252	0.195216949118398	0.051718900194502	46	0.00845588235294118	0.025	0.00294117647058824
sub-0392	0.531617484082857	0.489519971461099	0.0704940296416154	-0.33355153045067	0.0511199018103352	0.246317107479413	0.118288506507652	0.0292402034475622	32	0.00588235294117647	0.0235294117647059	0
sub-0348	0.64825776321033	0.372124171499121	0.052182664279044	-0.429525856705378	0.317214434870319	-0.0551176172713023	0.0605504259644569	-0.078315121991352	41	0.00753676470588235	0.0191176470588235	0.00367647058823529
sub-0393	0.534635189838242	0.380332548240989	0.0293091977162055	-0.357119528759714	0.192378055980066	-0.0203936861224578	-0.0985425577863872	-0.0489191444965795	60	0.0110294117647059	0.0279411764705882	0.0053921568627451
sub-0387	1.15455806578835	0.468041445764835	0.0790214445517703	-0.533349499064066	0.754355012726923	-0.698942283565405	-0.0767238727436863	0.00361722747419161	71	0.0130514705882353	0.0433823529411765	0.00294117647058824
sub-0395	0.610117699513407	0.387325859236374	-0.0408877451722868	-0.48787525984633	0.215033697459143	-0.00590770380397618	0.00406526509705405	-0.133546483764196	62	0.0113970588235294	0.0286764705882353	0.00563725490196078
sub-0136	1.2872739847033	0.611028551224396	-0.0144709662411319	-0.158187728349121	0.285545116998791	1.17609072292403	0.563213917421615	0.107023694878409	63	0.0115808823529412	0.0367647058823529	0.00318627450980392
sub-0396	1.56522386191868	0.663115484259231	0.126624259548292	-0.611266774489363	-0.675251033621187	1.30577901700209	-0.0599618421545497	-0.0550504024686846	61	0.0112132352941176	0.0404411764705882	0.00147058823529412
sub-0355	5.70200145836484	1.14297338481648	0.943694262553714	-0.982251242306154	-1.09695705930945	4.3599869252915	-1.80753858807201	-1.65254898786266	270	0.0496323529411765	0.0897058823529412	0.0362745098039216
sub-0398	3.88542839802253	0.739136236444176	-0.163817783342146	-0.732780888190879	-3.02127163774379	-1.80228122475304	0.351010763398207	0.202684283113533	134	0.0246323529411765	0.0801470588235294	0.00612745098039216
sub-0399	0.845803458745824	0.246903997335934	0.178366455082363	0.0428077003305165	0.196415955760176	0.667986675452117	-0.44903296160411	-0.0733678505292567	112	0.0205882352941176	0.0713235294117647	0.00367647058823529
sub-0045	1.06961337387363	0.347726705554066	0.0506135512697802	-0.565374432864066	-0.671462674441429	0.275823223542961	-0.430319121147555	0.0713002075880566	46	0.00845588235294118	0.0330882352941176	0.000245098039215686
sub-0402	0.597792518923626	0.293443092972857	-0.0269064924853593	-0.449042067949121	0.254051825892747	-0.0777535444784892	0.00857054789608714	-0.125935085644967	43	0.00790441176470588	0.0205882352941176	0.00367647058823529
sub-0123	0.573518690755165	0.354636325505385	0.0193627722365604	-0.171493230956912	-0.349689255234121	0.219535025588935	0.0394264060755093	-0.00333658992110201	50	0.00919117647058824	0.0242647058823529	0.00416666666666667
sub-0404	1.84275488880769	0.415856749021099	0.00843740399779011	-0.0586328423585934	-0.303515890464275	2.03016259430164	0.180923545101973	-0.0560218412126451	91	0.0167279411764706	0.0507352941176471	0.0053921568627451
sub-0367	0.569175534055385	0.329407664959121	-0.0668419753923747	-0.448430981088011	-0.0603063151977978	-0.0197325241226527	-0.0182236934222589	-0.216898242306244	45	0.00827205882352941	0.0242647058823529	0.00294117647058824
sub-0416	0.63701796059978	0.365593862704506	-0.027858020304	-0.375381806823187	0.148389796233758	-0.0337614525400812	0.0659327416044302	-0.334985588314939	42	0.00772058823529412	0.0220588235294118	0.00294117647058824
sub-0093	0.483601178188571	0.417497455211758	0.0154879451291286	-0.270567023735235	0.213733366603846	-0.0306826893842119	0.0617297918987475	0.0226862303473076	31	0.00569852941176471	0.0213235294117647	0.000490196078431373
sub-0418	0.682717368852527	0.557464284310549	0.0219466663016154	-0.330856244008791	0.111360553927571	-0.0719702726384887	-0.0553769715990583	-0.0788678798402717	39	0.00716911764705882	0.0242647058823529	0.00147058823529412
sub-0130	0.642501724898901	0.264905081859231	-0.0105929741001429	-0.348253084476956	0.142013819002308	-0.329719453291045	0.508871315975985	0.1236267565198	76	0.0139705882352941	0.0330882352941176	0.00759803921568627
sub-0422	0.677946237911868	0.31582614754022	0.0148504827221901	-0.424292875871	-0.0134215083137418	0.345868790314847	0.296677953385886	-0.0739001889384513	72	0.0132352941176471	0.0345588235294118	0.00612745098039216
